r0	r1	r2	r3	r4	r5	r6	r7	r8	r9	g0	g1	g2	g3	g4	g5	g6	g7	g8	g9	b0	b1	b2	b3	b4	b5	b6	b7	b8	b9	a0	a1	a2	a3	a4	a5	a6	a7	a8	a9
-1.1018586	0.008534229	-1.0725577	2.0590239	2.1611	-1.2583358	-1.9741552	0.40077066	-0.40017247	1.9108355	-2.1512394	-0.8322077	-0.91416633	-1.9606842	-1.3505352	-2.9851027	-2.9220066	-2.975467	-2.4966383	-1.304529	1.7859721	2.0966012	-0.87437576	0.62412477	2.0398335	1.1046511	-1.3131804	-0.43687296	1.7676516	-0.33205408	1	1	1	1	1	1	1	1	1	1
-1.1018584	0.008544374	-1.0725312	2.0589736	2.161096	-1.2582968	-1.9741769	0.40074572	-0.40014184	1.9108208	-2.1594214	-0.8403451	-0.9223045	-1.9688681	-1.358695	-2.993291	-2.9301922	-2.9836528	-2.504819	-1.3126879	1.7859931	2.09663	-0.8743618	0.6241282	2.039841	1.1046246	-1.3131665	-0.4368906	1.7676712	-0.33205608	1	1	1	1	1	1	1	1	1	1
-1.1018556	0.0085668415	-1.0724722	2.058876	2.1610916	-1.2582182	-1.9742191	0.40069795	-0.40008542	1.9108031	-2.1757803	-0.8566152	-0.9385856	-1.9852352	-1.3750148	-3.0096676	-2.9465606	-3.0000324	-2.5211775	-1.3290017	1.786029	2.0966904	-0.8743355	0.6241309	2.0398443	1.1045702	-1.3131413	-0.4369191	1.7677044	-0.3320595	1	1	1	1	1	1	1	1	1	1
-1.101849	0.008590798	-1.072408	2.05878	2.1610897	-1.2581419	-1.9742622	0.4006547	-0.400035	1.9107966	-2.192134	-0.8728843	-0.95487356	-2.0016005	-1.3913343	-3.0260458	-2.9629245	-3.0164173	-2.5375345	-1.3453116	1.7860588	2.0967546	-0.87431276	0.6241282	2.0398386	1.1045154	-1.3131192	-0.43694025	1.7677319	-0.3320629	1	1	1	1	1	1	1	1	1	1
-1.1018381	0.008616031	-1.0723419	2.0586827	2.161091	-1.2580706	-1.9743063	0.4006172	-0.39999092	1.9107995	-2.2084854	-0.88915735	-0.971167	-2.0179617	-1.4076507	-3.0424256	-2.9792848	-3.032803	-2.553894	-1.3616205	1.7860832	2.0968232	-0.87429434	0.62412	2.0398285	1.1044632	-1.3130995	-0.43695483	1.7677542	-0.33206683	1	1	1	1	1	1	1	1	1	1
-1.1018243	0.008641992	-1.0722779	2.0585828	2.1610968	-1.2580041	-1.9743512	0.4005852	-0.39995322	1.9108074	-2.2248383	-0.90543747	-0.987464	-2.034315	-1.4239639	-3.0588093	-2.9956443	-3.049187	-2.5702596	-1.3779365	1.7861048	2.0968952	-0.8742801	0.62410754	2.0398192	1.1044147	-1.3130811	-0.43696487	1.7677718	-0.3320725	1	1	1	1	1	1	1	1	1	1
-1.101809	0.008667668	-1.0722195	2.0584795	2.1611066	-1.2579397	-1.9743971	0.4005575	-0.39992115	1.9108157	-2.2411942	-0.921724	-1.0037633	-2.0506606	-1.4402777	-3.0751975	-3.0120072	-3.065569	-2.5866334	-1.3942645	1.7861271	2.096967	-0.87426895	0.6240931	2.0398138	1.1043694	-1.3130629	-0.4369729	1.7677879	-0.33208105	1	1	1	1	1	1	1	1	1	1
-1.1017952	0.008691619	-1.0721686	2.058373	2.1611187	-1.2578747	-1.9744442	0.4005329	-0.3998932	1.9108219	-2.2575529	-0.9380153	-1.0200652	-2.0670018	-1.456597	-3.0915892	-3.0283747	-3.081952	-2.6030126	-1.4106014	1.7861537	2.0970352	-0.8742578	0.62407905	2.039812	1.1043259	-1.3130442	-0.43698135	1.7678064	-0.33209294	1	1	1	1	1	1	1	1	1	1
-1.1017861	0.00871242	-1.0721247	2.0582638	2.1611307	-1.2578068	-1.9744917	0.40051037	-0.39986783	1.9108261	-2.273913	-0.95431006	-1.036368	-2.0833454	-1.472925	-3.107983	-3.044743	-3.098339	-2.6193907	-1.4269383	1.7861866	2.097097	-0.87424403	0.62406677	2.039813	1.1042833	-1.3130238	-0.4369924	1.767829	-0.33210766	1	1	1	1	1	1	1	1	1	1
-1.101784	0.008728649	-1.0720851	2.058152	2.161139	-1.2577358	-1.9745371	0.4004894	-0.39984375	1.9108303	-2.290276	-0.9706045	-1.0526685	-2.0996993	-1.48926	-3.124375	-3.061109	-3.1147306	-2.6357632	-1.4432682	1.7862252	2.0971506	-0.87422675	0.62405497	2.039814	1.1042423	-1.3130015	-0.43700743	1.767855	-0.33212426	1	1	1	1	1	1	1	1	1	1
-1.1017904	0.008739458	-1.0720463	2.058038	2.1611404	-1.2576627	-1.9745779	0.40047002	-0.39982045	1.9108367	-2.3066413	-0.98689604	-1.0689658	-2.1160657	-1.5055976	-3.1407626	-3.0774734	-3.1311252	-2.6521275	-1.4595888	1.7862662	2.0971959	-0.8742067	0.6240411	2.0398116	1.1042033	-1.3129786	-0.43702692	1.7678832	-0.33214155	1	1	1	1	1	1	1	1	1	1
-1.1018057	0.008745855	-1.0720053	2.057923	2.1611345	-1.2575889	-1.9746131	0.40045273	-0.39979842	1.9108473	-2.3230047	-1.003185	-1.0852618	-2.1324396	-1.5219339	-3.1571453	-3.0938406	-3.1475213	-2.6684852	-1.4759028	1.7863051	2.0972347	-0.87418604	0.6240225	2.039805	1.1041665	-1.3129566	-0.4370507	1.7679112	-0.3321582	1	1	1	1	1	1	1	1	1	1
-1.1018288	0.008750504	-1.0719625	2.0578084	2.1611228	-1.2575153	-1.974643	0.40043783	-0.39977795	1.9108629	-2.3393629	-1.0194746	-1.101558	-2.1488154	-1.5382679	-3.173525	-3.1102142	-3.163916	-2.6848412	-1.4922167	1.7863387	2.097271	-0.8741677	0.62399834	2.0397952	1.1041309	-1.312937	-0.43707818	1.7679371	-0.3321729	1	1	1	1	1	1	1	1	1	1
-1.1018581	0.008756423	-1.0719193	2.057695	2.1611083	-1.2574413	-1.9746689	0.4004253	-0.39975804	1.9108847	-2.3557158	-1.0357687	-1.1178552	-2.165191	-1.5546019	-3.189904	-3.1265938	-3.1803062	-2.7012002	-1.5085349	1.7863672	2.0973089	-0.8741537	0.62396955	2.0397847	1.104095	-1.3129206	-0.43710822	1.7679592	-0.33218345	1	1	1	1	1	1	1	1	1	1
-1.1018915	0.008765356	-1.0718771	2.0575857	2.1610937	-1.2573647	-1.9746946	0.40041524	-0.3997365	1.9109144	-2.3720691	-1.0520668	-1.1341519	-2.181566	-1.5709383	-3.2062817	-3.142978	-3.1966856	-2.7175648	-1.524857	1.786392	2.0973501	-0.87414414	0.623939	2.0397756	1.1040577	-1.3129057	-0.43713942	1.7679782	-0.33218768	1	1	1	1	1	1	1	1	1	1
-1.1019276	0.0087771155	-1.0718366	2.0574827	2.1610804	-1.257284	-1.9747243	0.40040836	-0.3997109	1.910953	-2.3884275	-1.0683646	-1.1504452	-2.1979399	-1.5872759	-3.222657	-3.1593647	-3.2130537	-2.7339342	-1.5411795	1.7864136	2.0973954	-0.8741371	0.62390965	2.0397687	1.1040187	-1.3128905	-0.43717086	1.7679967	-0.33218536	1	1	1	1	1	1	1	1	1	1
-1.1019647	0.008788588	-1.0717981	2.057387	2.1610687	-1.2571983	-1.9747607	0.40040556	-0.39968	1.9110001	-2.404792	-1.0846573	-1.1667343	-2.2143118	-1.6036156	-3.2390292	-3.1757526	-3.229417	-2.7503066	-1.5575007	1.7864313	2.0974445	-0.8741308	0.6238831	2.039763	1.1039789	-1.3128748	-0.4372025	1.7680186	-0.33217773	1	1	1	1	1	1	1	1	1	1
-1.1020012	0.008796029	-1.0717621	2.0572987	2.1610575	-1.257108	-1.9748039	0.40040788	-0.39964336	1.9110544	-2.4211612	-1.1009464	-1.1830206	-2.2306812	-1.6199602	-3.2553992	-3.192141	-3.2457848	-2.7666838	-1.5738261	1.7864454	2.0974956	-0.87412435	0.62386006	2.039757	1.1039405	-1.312859	-0.43723494	1.7680459	-0.3321657	1	1	1	1	1	1	1	1	1	1
-1.1020355	0.008797872	-1.071729	2.0572157	2.1610456	-1.2570146	-1.9748522	0.4004163	-0.39960158	1.9111137	-2.4375315	-1.1172382	-1.1993065	-2.2470477	-1.6363102	-3.2717688	-3.2085278	-3.2621622	-2.7830658	-1.5901617	1.7864573	2.0975456	-0.8741175	0.6238413	2.0397506	1.103906	-1.3128445	-0.43726832	1.7680794	-0.3321496	1	1	1	1	1	1	1	1	1	1
-1.1020663	0.008795128	-1.0716985	2.0571365	2.161032	-1.2569206	-1.9749019	0.40043104	-0.3995564	1.9111772	-2.4538996	-1.1335375	-1.2155956	-2.2634113	-1.6526637	-3.288141	-3.224912	-3.2785509	-2.7994502	-1.6065078	1.7864699	2.097593	-0.8741103	0.6238267	2.0397432	1.1038774	-1.312831	-0.4373025	1.768119	-0.33212936	1	1	1	1	1	1	1	1	1	1
-1.1020925	0.008789149	-1.0716704	2.05706	2.161016	-1.2568276	-1.9749496	0.40045124	-0.39951	1.911243	-2.470265	-1.1498468	-1.2318916	-2.2797756	-1.6690174	-3.3045182	-3.2412941	-3.2949471	-2.8158338	-1.6228602	1.7864858	2.097637	-0.8741031	0.6238149	2.0397344	1.1038553	-1.3128175	-0.4373371	1.7681634	-0.3321054	1	1	1	1	1	1	1	1	1	1
-1.1021131	0.008782139	-1.0716454	2.0569859	2.1609974	-1.2567365	-1.9749942	0.40047517	-0.39946467	1.9113098	-2.4866266	-1.1661639	-1.2481996	-2.2961438	-1.6853685	-3.320899	-3.2576752	-3.3113453	-2.8322139	-1.6392133	1.7865058	2.0976768	-0.87409645	0.623803	2.039724	1.1038389	-1.3128022	-0.43737188	1.7682108	-0.33207858	1	1	1	1	1	1	1	1	1	1
-1.1021274	0.0087766955	-1.0716245	2.0569146	2.160977	-1.256648	-1.9750365	0.40050077	-0.3994212	1.9113767	-2.5029862	-1.1824834	-1.2645195	-2.3125157	-1.7017167	-3.3372796	-3.274054	-3.3277419	-2.848589	-1.6555631	1.7865294	2.0977125	-0.8740909	0.62378764	2.039713	1.1038272	-1.3127842	-0.4374066	1.7682586	-0.33204973	1	1	1	1	1	1	1	1	1	1
-1.1021359	0.008774988	-1.0716078	2.0568452	2.1609545	-1.2565628	-1.9750792	0.4005269	-0.39937818	1.9114436	-2.5193465	-1.1988002	-1.2808459	-2.3288891	-1.7180647	-3.3536587	-3.2904303	-3.3441365	-2.864959	-1.6719081	1.7865546	2.0977454	-0.87408733	0.62376636	2.0397024	1.1038194	-1.3127636	-0.4374407	1.7683051	-0.33201894	1	1	1	1	1	1	1	1	1	1
-1.1021397	0.008778288	-1.071594	2.0567765	2.16093	-1.2564816	-1.9751258	0.4005536	-0.39933324	1.9115105	-2.5357103	-1.2151128	-1.2971729	-2.3452613	-1.7344136	-3.3700361	-3.3068056	-3.360532	-2.8813243	-1.6882534	1.7865791	2.0977767	-0.87408674	0.6237379	2.0396953	1.1038145	-1.3127404	-0.43747333	1.7683498	-0.33198616	1	1	1	1	1	1	1	1	1	1
-1.1021392	0.008786621	-1.0715811	2.0567079	2.1609025	-1.2564052	-1.9751793	0.40058166	-0.39928415	1.9115766	-2.5520802	-1.2314249	-1.3134965	-2.3616304	-1.7507619	-3.3864126	-3.3231826	-3.3769305	-2.8976855	-1.7046039	1.7866017	2.0978076	-0.8740907	0.6237019	2.0396936	1.1038114	-1.312715	-0.43750376	1.7683929	-0.33195224	1	1	1	1	1	1	1	1	1	1
-1.1021346	0.008799966	-1.0715678	2.0566382	2.1608713	-1.2563334	-1.9752418	0.40061155	-0.39923003	1.9116403	-2.568453	-1.2477416	-1.3298149	-2.3779962	-1.7671058	-3.4027896	-3.3395603	-3.393329	-2.9140449	-1.7209597	1.7866228	2.097839	-0.8740998	0.6236593	2.0396993	1.103809	-1.3126872	-0.4375315	1.7684344	-0.33191884	1	1	1	1	1	1	1	1	1	1
-1.1021254	0.008819374	-1.0715533	2.056568	2.1608362	-1.2562639	-1.9753134	0.40064353	-0.39917168	1.9116997	-2.5848231	-1.2640629	-1.3461301	-2.3943634	-1.7834425	-3.4191694	-3.355935	-3.4097245	-2.9304054	-1.737316	1.7866436	2.097872	-0.87411374	0.6236113	2.039713	1.103807	-1.3126557	-0.43755627	1.7684727	-0.33188817	1	1	1	1	1	1	1	1	1	1
-1.1021107	0.008844959	-1.0715351	2.056498	2.160798	-1.2561944	-1.975391	0.40067703	-0.39911026	1.9117534	-2.601187	-1.280387	-1.3624475	-2.4107375	-1.7997723	-3.4355536	-3.3723068	-3.4261148	-2.94677	-1.7536676	1.7866644	2.097907	-0.87413263	0.62355834	2.0397341	1.1038057	-1.3126199	-0.43757844	1.7685049	-0.33186227	1	1	1	1	1	1	1	1	1	1
-1.10209	0.008875855	-1.0715133	2.0564296	2.1607578	-1.2561235	-1.9754707	0.40071028	-0.39904895	1.911801	-2.6175451	-1.2967112	-1.3787731	-2.4271173	-1.8160993	-3.4519413	-3.3886797	-3.4424984	-2.9631393	-1.7700114	1.786685	2.0979438	-0.87415725	0.6235014	2.0397613	1.1038061	-1.3125803	-0.4375996	1.7685285	-0.33184263	1	1	1	1	1	1	1	1	1	1
-1.1020633	0.008910447	-1.0714906	2.0563633	2.160717	-1.2560519	-1.9755502	0.40074074	-0.3989935	1.9118428	-2.6339016	-1.3130324	-1.3951076	-2.4434962	-1.8324283	-3.4683304	-3.405059	-3.4588768	-2.9795125	-1.7863485	1.7867053	2.0979798	-0.8741876	0.6234417	2.0397923	1.1038092	-1.3125383	-0.437622	1.7685418	-0.3318298	1	1	1	1	1	1	1	1	1	1
-1.1020317	0.008947359	-1.0714694	2.056299	2.160678	-1.25598	-1.9756278	0.40076655	-0.39894706	1.9118799	-2.650261	-1.3293476	-1.4114457	-2.4598672	-1.848764	-3.4847198	-3.421447	-3.4752524	-2.995889	-1.8026824	1.7867247	2.0980127	-0.8742225	0.62338066	2.039826	1.1038144	-1.3124954	-0.43764696	1.7685457	-0.33182305	1	1	1	1	1	1	1	1	1	1
-1.1019973	0.008986053	-1.0714502	2.0562358	2.1606412	-1.2559078	-1.9757016	0.4007877	-0.3989098	1.9119138	-2.6666245	-1.3456589	-1.4277822	-2.4762273	-1.8651084	-3.5011115	-3.4378412	-3.4916272	-3.0122685	-1.8190175	1.7867427	2.098041	-0.8742606	0.6233204	2.039862	1.1038198	-1.3124536	-0.4376738	1.7685435	-0.33181968	1	1	1	1	1	1	1	1	1	1
-1.1019636	0.009026945	-1.071433	2.056173	2.1606066	-1.2558346	-1.9757702	0.4008057	-0.39888045	1.9119452	-2.68299	-1.361972	-1.4441136	-2.4925785	-1.8814604	-3.5175068	-3.4542363	-3.5080004	-3.0286493	-1.8353568	1.7867593	2.0980654	-0.8743009	0.6232631	2.0399008	1.1038239	-1.3124144	-0.43770108	1.7685394	-0.33181533	1	1	1	1	1	1	1	1	1	1
-1.1019342	0.009070873	-1.071417	2.0561104	2.1605732	-1.2557585	-1.975834	0.40082353	-0.3988576	1.9119745	-2.6993535	-1.3782903	-1.4604388	-2.508927	-1.8978189	-3.5339038	-3.4706297	-3.5243697	-3.045029	-1.8517001	1.7867752	2.0980856	-0.8743436	0.6232102	2.0399432	1.103826	-1.312377	-0.43772727	1.7685362	-0.33180532	1	1	1	1	1	1	1	1	1	1
-1.1019094	0.00911808	-1.0714016	2.056047	2.1605392	-1.2556794	-1.9758949	0.40084416	-0.39884073	1.912001	-2.7157145	-1.3946147	-1.4767591	-2.5252817	-1.9141825	-3.5502982	-3.487019	-3.5407355	-3.061406	-1.8680456	1.7867923	2.098102	-0.8743889	0.62316066	2.0399888	1.1038265	-1.3123395	-0.43775216	1.7685341	-0.3317864	1	1	1	1	1	1	1	1	1	1
-1.1018873	0.0091697145	-1.0713869	2.0559828	2.1605036	-1.2555981	-1.9759555	0.4008691	-0.39883038	1.9120241	-2.7320757	-1.4109457	-1.4930769	-2.5416455	-1.9305488	-3.5666864	-3.5034034	-3.5571012	-3.0777795	-1.8843936	1.7868117	2.0981145	-0.8744371	0.6231111	2.0400367	1.1038258	-1.3123001	-0.43777737	1.7685336	-0.33175737	1	1	1	1	1	1	1	1	1	1
-1.1018656	0.009227052	-1.0713733	2.0559196	2.1604664	-1.2555156	-1.9760166	0.40089878	-0.39882684	1.9120436	-2.7484424	-1.4272808	-1.5093956	-2.558014	-1.9469146	-3.5830684	-3.5197816	-3.5734696	-3.0941505	-1.9007438	1.786835	2.098123	-0.87448895	0.6230583	2.0400867	1.1038246	-1.3122576	-0.43780464	1.7685344	-0.33171874	1	1	1	1	1	1	1	1	1	1
-1.1018413	0.009292104	-1.0713607	2.055859	2.160429	-1.2554328	-1.9760782	0.40093282	-0.39882916	1.9120595	-2.7648172	-1.4436159	-1.5257174	-2.574379	-1.9632773	-3.5994465	-3.536153	-3.5898416	-3.1105213	-1.9170953	1.7868633	2.0981276	-0.874545	0.62300116	2.0401397	1.1038233	-1.3122118	-0.43783474	1.7685355	-0.33167264	1	1	1	1	1	1	1	1	1	1
-1.1018132	0.009366412	-1.0713474	2.0558023	2.1603947	-1.2553514	-1.9761399	0.40097108	-0.39883557	1.9120734	-2.7811973	-1.4599483	-1.5420432	-2.590739	-1.9796358	-3.615823	-3.5525215	-3.606218	-3.1268945	-1.9334462	1.7868978	2.0981286	-0.87460476	0.62294203	2.040197	1.1038215	-1.3121617	-0.43786672	1.7685355	-0.33162192	1	1	1	1	1	1	1	1	1	1
-1.1017832	0.0094505735	-1.0713319	2.0557508	2.1603665	-1.2552735	-1.9762015	0.40101233	-0.3988448	1.9120879	-2.797578	-1.4762777	-1.55837	-2.6070964	-1.9959917	-3.6321983	-3.5688913	-3.6225998	-3.143271	-1.9497943	1.7869384	2.0981274	-0.8746685	0.6228855	2.04026	1.1038171	-1.312107	-0.43789923	1.7685329	-0.3315688	1	1	1	1	1	1	1	1	1	1
-1.1017538	0.009543671	-1.0713141	2.055705	2.160345	-1.255201	-1.9762607	0.40105352	-0.39885688	1.9121065	-2.8139575	-1.492604	-1.574694	-2.6234548	-2.012346	-3.6485717	-3.5852644	-3.6389868	-3.15965	-1.9661393	1.7869842	2.098126	-0.8747364	0.62283605	2.0403283	1.1038082	-1.3120495	-0.43793082	1.7685263	-0.33151537	1	1	1	1	1	1	1	1	1	1
-1.1017262	0.009642248	-1.0712963	2.055664	2.1603272	-1.2551354	-1.9763148	0.4010905	-0.39887297	1.9121313	-2.8303351	-1.5089259	-1.5910151	-2.6398172	-2.028698	-3.6649442	-3.6016421	-3.6553762	-3.1760297	-1.9824831	1.7870332	2.0981264	-0.8748085	0.6227953	2.0403976	1.1037937	-1.3119935	-0.43796033	1.7685151	-0.33146313	1	1	1	1	1	1	1	1	1	1
-1.1017011	0.009741893	-1.0712817	2.0556257	2.1603086	-1.2550774	-1.9763626	0.4011194	-0.39889455	1.9121622	-2.846713	-1.525243	-1.6073364	-2.656184	-2.045049	-3.681317	-3.618023	-3.671765	-3.1924093	-1.9988279	1.7870835	2.0981305	-0.8748838	0.62276214	2.0404634	1.1037743	-1.3119438	-0.43798694	1.7684978	-0.3314131	1	1	1	1	1	1	1	1	1	1
-1.1016788	0.009839445	-1.0712718	2.0555866	2.160286	-1.2550266	-1.9764044	0.40113768	-0.39892244	1.9121983	-2.8630934	-1.5415571	-1.6236609	-2.6725526	-2.0614018	-3.6976914	-3.634405	-3.6881506	-3.2087889	-2.0151784	1.7871352	2.0981388	-0.8749599	0.6227338	2.0405235	1.1037512	-1.3119019	-0.4380102	1.7684737	-0.33136415	1	1	1	1	1	1	1	1	1	1
-1.101658	0.009934406	-1.0712675	2.0555437	2.1602583	-1.2549816	-1.9764416	0.40114424	-0.39895633	1.9122384	-2.8794756	-1.5578706	-1.63999	-2.6889215	-2.0777593	-3.714068	-3.6507878	-3.7045314	-3.2251687	-2.031537	1.7871895	2.0981512	-0.87503344	0.62270707	2.040579	1.1037257	-1.3118658	-0.43803	1.7684432	-0.33131406	1	1	1	1	1	1	1	1	1	1
-1.1016365	0.010027516	-1.0712687	2.0554965	2.1602266	-1.2549402	-1.976475	0.4011397	-0.3989948	1.9122808	-2.8958566	-1.5741878	-1.6563236	-2.7052941	-2.094123	-3.730446	-3.6671727	-3.7209082	-3.241549	-2.047902	1.787247	2.0981674	-0.87510127	0.6226802	2.040633	1.1036997	-1.3118321	-0.43804684	1.7684077	-0.33126092	1	1	1	1	1	1	1	1	1	1
-1.1016129	0.010119223	-1.071274	2.0554466	2.160192	-1.2548996	-1.9765044	0.40112618	-0.3990337	1.9123237	-2.9122326	-1.5905116	-1.6726604	-2.7216747	-2.110492	-3.7468243	-3.6835582	-3.7372842	-3.2579284	-2.0642698	1.7873082	2.098188	-0.8751621	0.6226519	2.040688	1.1036755	-1.3117973	-0.4380616	1.7683692	-0.3312037	1	1	1	1	1	1	1	1	1	1
-1.1015862	0.010210047	-1.0712813	2.0553963	2.160156	-1.2548583	-1.9765311	0.4011055	-0.39906684	1.9123657	-2.9286025	-1.6068422	-1.6889993	-2.738062	-2.1268625	-3.7632034	-3.6999424	-3.7536652	-3.2743053	-2.0806363	1.7873731	2.098212	-0.875218	0.6226222	2.040747	1.1036539	-1.3117598	-0.43807548	1.7683297	-0.33114251	1	1	1	1	1	1	1	1	1	1
-1.101556	0.010300774	-1.0712878	2.055346	2.1601195	-1.2548158	-1.9765579	0.40107906	-0.39909047	1.9124062	-2.9449687	-1.6231784	-1.7053397	-2.7544518	-2.1432326	-3.7795854	-3.716323	-3.770054	-3.2906802	-2.0969994	1.7874401	2.0982385	-0.8752739	0.62259287	2.0408108	1.1036333	-1.3117203	-0.43808866	1.7682916	-0.3310789	1	1	1	1	1	1	1	1	1	1
-1.1015224	0.010392686	-1.0712928	2.0552945	2.1600838	-1.2547729	-1.9765875	0.40104768	-0.39910448	1.9124455	-2.9613361	-1.6395197	-1.7216814	-2.7708397	-2.1596005	-3.795972	-3.7326987	-3.786448	-3.3070545	-2.1133595	1.7875072	2.0982656	-0.8753342	0.62256604	2.0408807	1.103611	-1.3116803	-0.43809977	1.7682563	-0.33101454	1	1	1	1	1	1	1	1	1	1
-1.1014886	0.010487044	-1.0712974	2.0552404	2.1600485	-1.2547315	-1.9766216	0.4010117	-0.39911154	1.9124842	-2.9777105	-1.6558653	-1.7380239	-2.7872224	-2.1759653	-3.8123615	-3.7490718	-3.8028407	-3.3234303	-2.129719	1.7875731	2.0982938	-0.87540054	0.62254256	2.040957	1.1035838	-1.3116412	-0.43810657	1.768225	-0.3309509	1	1	1	1	1	1	1	1	1	1
-1.1014591	0.010584582	-1.0713035	2.0551822	2.1600132	-1.2546953	-1.9766599	0.4009718	-0.39911538	1.912522	-2.9940932	-1.672214	-1.7543669	-2.8035986	-2.1923265	-3.8287487	-3.7654476	-3.8192286	-3.3398092	-2.1460817	1.7876368	2.0983248	-0.8754732	0.6225218	2.04104	1.1035497	-1.3116041	-0.43810704	1.7681981	-0.33088958	1	1	1	1	1	1	1	1	1	1
-1.1014376	0.010686284	-1.0713123	2.05512	2.1599784	-1.2546679	-1.9767004	0.40092918	-0.3991186	1.9125578	-3.010481	-1.688564	-1.7707103	-2.8199704	-2.2086813	-3.8451324	-3.7818322	-3.8356106	-3.3561926	-2.162449	1.7876974	2.0983603	-0.8755511	0.622503	2.0411303	1.1035103	-1.3115705	-0.43810043	1.7681773	-0.33083314	1	1	1	1	1	1	1	1	1	1
-1.1014245	0.010792595	-1.0713227	2.0550551	2.1599448	-1.2546506	-1.9767413	0.4008841	-0.39912152	1.9125905	-3.0268705	-1.7049128	-1.7870554	-2.8363419	-2.225029	-3.8615143	-3.7982268	-3.8519874	-3.3725798	-2.1788194	1.7877543	2.0984013	-0.87563294	0.6224859	2.041228	1.1034696	-1.3115412	-0.43808863	1.7681623	-0.33078396	1	1	1	1	1	1	1	1	1	1
-1.1014184	0.010902979	-1.0713308	2.0549898	2.1599128	-1.2546422	-1.9767824	0.40083677	-0.39912313	1.9126195	-3.0432591	-1.7212594	-1.8034036	-2.852717	-2.241372	-3.877898	-3.8146265	-3.8683624	-3.388968	-2.195191	1.7878062	2.0984476	-0.8757178	0.62247175	2.0413313	1.1034325	-1.3115163	-0.43807444	1.7681509	-0.33074328	1	1	1	1	1	1	1	1	1	1
-1.1014167	0.011016034	-1.0713335	2.0549266	2.159883	-1.2546403	-1.9768258	0.4007871	-0.39912435	1.9126449	-3.0596454	-1.7376035	-1.819755	-2.8690965	-2.2577155	-3.8942833	-3.831027	-3.8847408	-3.4053557	-2.2115614	1.7878528	2.098498	-0.8758056	0.62246305	2.0414379	1.1034012	-1.311496	-0.43806076	1.7681398	-0.3307109	1	1	1	1	1	1	1	1	1	1
-1.1014177	0.011129803	-1.0713297	2.0548675	2.159856	-1.2546418	-1.976873	0.4007348	-0.39912722	1.9126672	-3.0760276	-1.753947	-1.8361079	-2.8854787	-2.2740614	-3.9106688	-3.8474255	-3.9011242	-3.4217427	-2.2279294	1.7878951	2.0985506	-0.87589675	0.62246233	2.041546	1.1033753	-1.3114803	-0.4380493	1.7681265	-0.33068535	1	1	1	1	1	1	1	1	1	1
-1.1014223	0.011241965	-1.0713198	2.0548127	2.1598322	-1.2546424	-1.9769243	0.40068054	-0.39913347	1.9126861	-3.0924046	-1.7702919	-1.8524603	-2.9018624	-2.2904115	-3.9270566	-3.8638196	-3.9175086	-3.4381282	-2.2442977	1.7879356	2.0986016	-0.8759917	0.6224711	2.0416558	1.1033537	-1.3114682	-0.43803933	1.7681097	-0.3306649	1	1	1	1	1	1	1	1	1	1
-1.1014327	0.01135061	-1.0713055	2.0547624	2.159811	-1.2546391	-1.9769791	0.40062657	-0.3991435	1.9127016	-3.1087785	-1.7866392	-1.8688108	-2.9182456	-2.306765	-3.9434483	-3.8802092	-3.9338908	-3.4545107	-2.260669	1.7879761	2.0986485	-0.87609035	0.6224894	2.0417678	1.1033355	-1.311459	-0.43802887	1.7680893	-0.33064854	1	1	1	1	1	1	1	1	1	1
-1.1014502	0.011454782	-1.0712888	2.054716	2.159791	-1.254631	-1.9770365	0.40057558	-0.3991569	1.9127141	-3.1251535	-1.8029883	-1.8851601	-2.9346268	-2.3231208	-3.959843	-3.896596	-3.95027	-3.4708886	-2.2770417	1.7880167	2.0986905	-0.8761911	0.6225156	2.0418842	1.1033204	-1.3114508	-0.4380169	1.768066	-0.33063656	1	1	1	1	1	1	1	1	1	1
-1.1014745	0.011553865	-1.0712715	2.0546725	2.1597703	-1.2546198	-1.9770955	0.40052977	-0.3991735	1.9127247	-3.1415327	-1.8193384	-1.90151	-2.9510057	-2.3394806	-3.976237	-3.9129806	-3.966649	-3.487262	-2.2934117	1.7880559	2.0987275	-0.87629145	0.622547	2.0420058	1.1033089	-1.3114413	-0.43800366	1.7680404	-0.33063024	1	1	1	1	1	1	1	1	1	1
-1.1015041	0.011647603	-1.0712544	2.05463	2.1597464	-1.2546083	-1.9771553	0.40049082	-0.39919364	1.912735	-3.1579165	-1.8356891	-1.9178624	-2.9673834	-2.3558447	-3.9926274	-3.929362	-3.9830327	-3.5036323	-2.3097746	1.7880924	2.0987608	-0.8763908	0.6225804	2.0421321	1.1033024	-1.3114285	-0.43799004	1.7680129	-0.3306307	1	1	1	1	1	1	1	1	1	1
-1.1015372	0.011736791	-1.0712376	2.0545862	2.159719	-1.2545983	-1.9772156	0.40045905	-0.39921758	1.9127468	-3.174303	-1.8520395	-1.9342171	-2.98376	-2.372212	-4.009012	-3.945738	-3.9994235	-3.520002	-2.3261292	1.788125	2.098792	-0.8764904	0.62261426	2.042262	1.1033009	-1.3114122	-0.43797752	1.7679839	-0.330638	1	1	1	1	1	1	1	1	1	1
-1.1015728	0.011823743	-1.0712212	2.054539	2.159688	-1.5496659	-1.9772763	0.40043348	-0.3992447	1.9127614	-3.1906898	-1.8683896	-1.950573	-3.0001354	-2.3885806	3	-3.9621086	-4.0158195	-3.5363736	-2.3424778	1.7881547	2.0988216	-0.8765924	0.6226484	2.042394	-1.6794984	-1.3113928	-0.43796748	1.7679534	-0.33065116	1	1	1	1	1	0	1	1	1	1
-1.1016093	0.01191142	-1.0712054	2.0544872	2.1596549	-1.5496665	-1.9773369	0.65055746	-0.3992738	1.91278	-3.2070775	-1.88474	-1.966929	-3.0165086	-2.404948	2.9997265	-3.9784765	3	-3.5527494	-2.358826	1.7881826	2.0988488	-0.8766986	0.6226838	2.0425272	-1.6795	-1.3113707	0.9600093	1.7679211	-0.33066818	1	1	1	1	1	1	1	0	1	1
-1.1016455	0.012001578	-1.0711901	2.0544307	2.1596212	-1.5496678	-1.9773966	0.65056366	-0.39930364	1.9128022	-3.223467	-1.9010911	-1.9832841	-3.032879	-2.4213135	2.999184	-3.9948466	2.99973	-3.5691302	-2.3751793	1.7882109	2.098873	-0.8768096	0.62272173	2.042662	-1.6795032	-1.3113458	0.96001387	1.7678875	-0.3306873	1	1	1	1	1	1	1	1	1	1
-1.1016794	0.012094008	-1.0711756	2.0543702	2.1595898	-1.5496697	-1.9774541	0.650576	-0.39933282	1.9128271	-3.239857	-1.9174428	-1.9996357	-3.0492487	-2.4376779	2.9983766	-4.0112233	2.9991949	-3.585514	-2.3915393	1.7882421	2.0988934	-0.8769248	0.62276286	2.0427973	-1.679508	-1.3113168	0.9600229	1.7678546	-0.33070847	1	1	1	1	1	1	1	1	1	1
-1.1017112	0.0121872695	-1.0711619	2.0543075	2.159562	-1.5496724	1.3254141	0.65059435	-0.39935982	1.9128537	-3.2562437	-1.9337951	-2.0159812	-3.0656207	-2.4540403	2.9973092	3	2.9983985	-3.6018975	-2.4079027	1.7882789	2.09891	-0.8770425	0.6228076	2.042932	-1.6795145	1.7305951	0.96003634	1.7678256	-0.33073282	1	1	1	1	1	1	0	1	1	1
-1.1017411	0.012280142	-1.0711491	2.0542457	2.159538	-1.549676	1.3254126	0.6506188	-0.399383	1.9128817	-3.2726252	-1.9501476	-2.0323207	-3.081998	-2.4703982	2.9959862	2.9997263	2.9973454	-3.618278	-2.424266	1.7883232	2.0989223	-0.8771608	0.6228561	2.0430627	-1.6795229	1.7305979	0.96005404	1.767803	-0.33076155	1	1	1	1	1	1	1	1	1	1
-1.1017703	0.01237211	-1.0711374	2.0541883	2.1595163	-1.5496806	1.3254098	0.65064925	-0.39940122	1.9129118	-3.2890036	-1.9664984	-2.0486565	-3.098381	-2.486751	2.9944117	2.9991834	2.9960396	-3.6346552	-2.440629	1.788375	2.09893	-0.87727857	0.6229069	2.0431876	-1.6795331	1.7306033	0.960076	1.7677871	-0.33079484	1	1	1	1	1	1	1	1	1	1
-1.1018003	0.012463876	-1.0711266	2.0541365	2.1594954	-1.5496866	1.3254056	0.6506857	-0.39941397	1.9129434	-3.3053825	-1.9828442	-2.0649917	-3.1147668	-2.5031009	2.9925902	2.9983757	2.9944851	-3.6510303	-2.4569917	1.7884331	2.0989337	-0.8773964	0.62295806	2.043307	-1.6795454	1.7306114	0.960102	1.7677777	-0.33083192	1	1	1	1	1	1	1	1	1	1
-1.101832	0.012556229	-1.071116	2.0540898	2.1594737	-1.5496942	1.3254002	0.6507283	-0.39942133	1.9129754	-3.3217618	-1.9991841	-2.0813305	-3.1311526	-2.5194507	2.9905257	2.9973075	2.992686	-3.6674056	-2.473356	1.7884947	2.0989354	-0.8775159	0.6230082	2.043422	-1.67956	1.7306223	0.9601322	1.767773	-0.33087078	1	1	1	1	1	1	1	1	1	1
-1.1018641	0.012648786	-1.0711049	2.054046	2.1594505	-1.5497037	1.3253938	0.65077686	-0.39942396	1.9130068	-3.338139	-2.0155194	-2.097675	-3.1475356	-2.5358033	2.9882226	2.9959831	2.9906461	-3.683784	-2.4897237	1.7885553	2.0989356	-0.8776388	0.6230557	2.0435333	-1.6795769	1.7306359	0.9601664	1.7677709	-0.33090857	1	1	1	1	1	1	1	1	1	1
-1.1018949	0.012740082	-1.0710912	2.0540028	2.1594262	-1.5497155	1.3253865	0.6508314	-0.39942232	1.9130361	-3.3545127	-2.031853	-2.1140218	-3.1639142	-2.5521612	2.9856849	2.9944067	2.9883692	-3.7001688	-2.5060945	1.7886097	2.0989344	-0.8777662	0.62309796	2.0436418	-1.6795963	1.7306522	0.96020454	1.7677691	-0.33094186	1	1	1	1	1	1	1	1	1	1
-1.1019229	0.012828468	-1.071074	2.05396	2.159402	-1.54973	1.3253787	0.65089184	-0.3994178	1.9130616	-3.3708844	-2.04819	-2.1303658	-3.1802893	-2.5685236	2.9829166	2.992582	2.9858592	-3.7165608	-2.5224671	1.7886546	2.0989318	-0.87789696	0.62313235	2.0437472	-1.6796185	1.7306713	0.96024656	1.7677673	-0.3309684	1	1	1	1	1	1	1	1	1	1
-1.1019472	0.012912313	-1.0710536	2.0539207	2.1593788	-1.5497475	1.3253706	0.65095806	-0.39941272	1.9130828	-3.387257	-2.0645359	-2.1467066	-3.196661	-2.5848854	2.9799218	2.990513	2.9831192	-3.7329576	-2.5388398	1.788688	2.0989275	-0.87802786	0.62315834	2.043848	-1.6796434	1.7306931	0.96029234	1.7677668	-0.3309883	1	1	1	1	1	1	1	1	1	1
-1.1019676	0.012989905	-1.0710305	2.053887	2.1593583	-1.5497683	1.3253626	0.65102994	-0.3994095	1.9131	-3.403633	-2.0808916	-2.163048	-3.213031	-2.6012447	2.9767046	2.9882035	2.9801528	-3.7493577	-2.5552073	1.7887102	2.0989213	-0.8781568	0.6231762	2.0439434	-1.6796713	1.7307177	0.9603418	1.7677689	-0.33100405	1	1	1	1	1	1	1	1	1	1
-1.1019844	0.01306007	-1.0710056	2.0538585	2.1593413	-1.5497929	1.325355	0.65110725	-0.39941028	1.9131132	-3.420013	-2.0972536	-2.1793945	-3.2294009	-2.617605	2.9732687	2.9856572	2.976963	-3.765759	-2.5715673	1.7887238	2.098913	-0.8782825	0.6231861	2.0440326	-1.6797022	1.730745	0.960395	1.767774	-0.33101982	1	1	1	1	1	1	1	1	1	1
-1.1019982	0.013121778	-1.0709805	2.0538347	2.1593282	-1.5498215	1.3253485	0.65118986	-0.3994161	1.9131218	-3.4363966	-2.1136172	-2.1957479	-3.2457716	-2.6339717	2.9696178	2.9828777	2.9735527	-3.782159	-2.5879235	1.7887325	2.098902	-0.8784038	0.623189	2.0441158	-1.6797361	1.730775	0.96045184	1.7677822	-0.33103868	1	1	1	1	1	1	1	1	1	1
-1.1020095	0.013173325	-1.0709572	2.053814	2.1593187	-1.5498544	1.3253435	0.65127754	-0.39942577	1.9131243	-3.4527848	-2.1299808	-2.2121072	-3.2621458	-2.650349	2.965756	2.979869	2.9699242	-3.7985563	-2.6042821	1.7887391	2.0988884	-0.87852025	0.62318623	2.0441945	-1.6797731	1.730808	0.9605124	1.7677934	-0.3310605	1	1	1	1	1	1	1	1	1	1
-1.1020191	0.013214431	-1.070936	2.0537956	2.1593118	-1.549892	1.3253407	0.6513701	-0.39943677	1.9131199	-3.4691787	-2.1463432	-2.2284694	-3.2785234	-2.6667356	2.9616864	2.9766343	2.96608	-3.8149502	-2.620648	1.7887444	2.0988722	-0.8786321	0.6231783	2.0442703	-1.6798131	1.7308441	0.96057665	1.7678077	-0.33108357	1	1	1	1	1	1	1	1	1	1
-1.1020288	0.01324639	-1.0709153	2.0537798	2.159306	-1.5499341	1.3253409	0.65146726	-0.39944592	1.9131086	-3.4855764	-2.162704	-2.2448287	-3.2949026	-2.6831267	2.9574125	2.973178	2.9620223	-3.831341	-2.637022	1.78875	2.0988543	-0.8787399	0.6231646	2.0443456	-1.6798561	1.7308837	0.9606447	1.7678258	-0.331106	1	1	1	1	1	1	1	1	1	1
-1.1020417	0.01327178	-1.0708932	2.0537682	2.1593	-1.5499812	1.3253446	0.6515687	-0.3994504	1.9130914	-3.501974	-2.1790624	-2.2611823	-3.3112793	-2.6995153	2.9529376	2.9695039	2.9577537	-3.847729	-2.653402	1.7887576	2.0988357	-0.87884414	0.62314355	2.044422	-1.6799017	1.7309269	0.96071655	1.7678491	-0.331126	1	1	1	1	1	1	1	1	1	1
-1.1020578	0.013294018	-1.0708681	2.0537612	2.159292	-1.5500331	1.3253527	0.6516743	-0.39944986	1.9130704	-3.5183706	-2.1954155	-2.2775316	-3.3276515	-2.7158957	2.9482646	2.9656157	2.9532764	-3.864113	-2.6697817	1.7887671	2.0988188	-0.8789451	0.6231137	2.0444994	-1.67995	1.730974	0.9607921	1.7678782	-0.3311422	1	1	1	1	1	1	1	1	1	1
-1.1020741	0.013316202	-1.0708408	2.0537593	2.15928	-1.5500896	1.325366	0.6517837	-0.39944547	1.9130476	-3.534765	-2.2117622	-2.29388	-3.3440194	-2.732266	2.9433966	2.9615178	2.9485931	-3.8804946	-2.686154	1.7887778	2.098805	-0.879043	0.6230748	2.0445771	-1.6800007	1.7310253	0.9608715	1.7679125	-0.33115348	1	1	1	1	1	1	1	1	1	1
-1.1020861	0.013340039	-1.0708119	2.053762	2.1592631	-1.5501508	1.3253853	0.65189683	-0.3994391	1.9130237	-3.5511572	-2.2281039	-2.310231	-3.3603854	-2.748629	2.938336	2.957214	2.9437072	-3.896877	-2.7025168	1.7887882	2.098794	-0.8791387	0.6230282	2.0446537	-1.6800536	1.7310812	0.96095467	1.7679502	-0.33115906	1	1	1	1	1	1	1	1	1	1
-1.1020899	0.0133658	-1.0707822	2.053768	2.1592417	-1.5502168	1.3254112	0.6520136	-0.3994326	1.9129981	-3.5675478	-2.2444444	-2.3265853	-3.3767524	-2.764987	2.9330847	2.9527087	2.9386218	-3.913263	-2.7188747	1.7887969	2.0987844	-0.8792357	0.6229764	2.0447285	-1.6801089	1.7311418	0.96104145	1.76799	-0.33115828	1	1	1	1	1	1	1	1	1	1
-1.102085	0.013392996	-1.0707521	2.0537763	2.1592178	-1.5502877	1.3254442	0.6521338	-0.3994285	1.9129691	-3.5839343	-2.2607882	-2.342942	-3.3931205	-2.7813416	2.9276454	2.9480057	2.933341	-3.929652	-2.735233	1.7888037	2.0987756	-0.879337	0.6229237	2.0448015	-1.6801666	1.7312073	0.96113175	1.7680328	-0.3311502	1	1	1	1	1	1	1	1	1	1
-1.1020718	0.013420346	-1.0707225	2.0537853	2.159194	-1.5503638	1.3254848	0.65225744	-0.3994295	1.9129359	-3.6003163	-2.2771375	-2.3593013	-3.4094899	-2.7976966	2.92202	2.943109	2.9278688	-3.946042	-2.751594	1.7888086	2.0987678	-0.8794442	0.6228742	2.0448725	-1.6802269	1.7312777	0.9612252	1.7680813	-0.33113387	1	1	1	1	1	1	1	1	1	1
-1.1020514	0.013445995	-1.0706942	2.0537932	2.1591723	-1.5504451	1.3255332	0.6523842	-0.39943647	1.912898	-3.6166952	-2.2934911	-2.3756654	-3.4258602	-2.8140566	2.916211	2.9380224	2.92221	-3.9624329	-2.767959	1.7888111	2.0987608	-0.8795572	0.6228303	2.044942	-1.6802899	1.731353	0.9613214	1.7681376	-0.33110964	1	1	1	1	1	1	1	1	1	1
-1.102025	0.01346689	-1.0706674	2.053798	2.159154	-1.5505316	1.3255893	0.652514	-0.39944845	1.912856	-3.6330743	-2.309848	-2.392035	-3.442232	-2.8304255	2.9102209	2.9327495	2.916369	-3.9788237	-2.784328	1.7888094	2.0987551	-0.87967604	0.62279195	2.0450099	-1.6803557	1.7314332	0.96141994	1.7682018	-0.33107913	1	1	1	1	1	1	1	1	1	1
-1.101994	0.013479009	-1.0706415	2.053798	2.1591382	-1.5506235	1.3256531	0.65264654	-0.39946392	1.9128127	-3.649458	-2.3262076	-2.4084089	-3.4586077	-2.8468032	2.9040534	2.9272933	2.9103506	-3.995215	-2.8006976	1.7888017	2.0987506	-0.8798005	0.62275815	2.0450773	-1.6804246	1.7315176	0.96151996	1.7682729	-0.33104378	1	1	1	1	1	1	1	1	1	1
-1.1019595	0.013479487	-1.0706165	2.0537927	2.1591227	-1.5507206	1.325724	0.65278184	-0.39948198	1.912772	-3.6658475	-2.3425698	-2.4247823	-3.4749882	-2.863184	2.8977127	2.9216568	2.904159	-4.0116086	-2.817063	1.7887872	2.0987463	-0.8799305	0.6227277	2.0451455	-1.6804967	1.7316056	0.9616206	1.7683496	-0.33100453	1	1	1	1	1	1	1	1	1	1
-1.101922	0.013468449	-1.0705928	2.0537827	2.1591053	-1.5508227	1.3258014	0.6529197	1.9530903	1.9127365	-3.6822422	-2.3589344	-2.4411511	-3.4913716	-2.8795633	2.8912027	2.9158428	2.897799	3	-2.833423	1.7887661	2.098742	-0.88006574	0.6226992	2.0452156	-1.6805722	1.7316965	0.96172094	0.5147816	-0.33096242	1	1	1	1	1	1	1	1	0	1
-1.1018808	0.013449457	-1.070572	2.0537684	2.1590855	-1.5509298	1.3258843	0.65305996	1.9530861	1.9127066	-3.6986392	-2.3753004	-2.4575162	-3.5077536	-2.8959415	2.8845274	2.9098535	2.8912745	2.999723	-2.8497798	1.788739	2.098738	-0.88020456	0.62267107	2.0452883	-1.680651	1.731789	0.96181995	0.5147798	-0.33091858	1	1	1	1	1	1	1	1	1	1
-1.1018354	0.0134282475	-1.0705559	2.0537496	2.1590636	-1.5510416	1.325972	0.6532023	1.953078	1.9126817	-3.7150345	-2.391665	-2.4738808	-3.5241318	-2.912321	2.877691	2.9036913	2.884589	2.9991736	-2.8661382	1.7887063	2.0987353	-0.88034403	0.6226414	2.0453644	-1.6807331	1.7318816	0.9619167	0.5147763	-0.33087426	1	1	1	1	1	1	1	1	1	1
-1.1017859	0.013409221	-1.0705457	2.053725	2.1590402	-1.5511582	1.326063	0.65334624	1.9530659	1.9126614	-3.7314222	-2.408026	-2.4902475	-3.5405083	-2.9287028	2.8706965	2.8973584	2.8777456	2.9983563	-2.8825035	1.7886668	2.098735	-0.88048285	0.62260723	2.0454443	-1.6808183	1.7319727	0.9620103	0.5147711	-0.33082882	1	1	1	1	1	1	1	1	1	1
-1.1017334	0.013392786	-1.070541	2.0536942	2.1590152	-1.5512794	1.3261565	0.6534914	1.9530498	1.9126457	-3.7478	-2.4243824	-2.5066168	-3.5568867	-2.9450872	2.8635468	2.890857	2.870747	2.9972756	-2.8988786	1.7886195	2.0987375	-0.8806205	0.6225663	2.0455275	-1.6809062	1.7320607	0.9621003	0.5147643	-0.33078012	1	1	1	1	1	1	1	1	1	1
-1.1016798	0.01337694	-1.0705409	2.053657	2.1589885	-1.5514055	1.3262517	0.6536372	1.9530299	1.912634	-3.7641704	-2.4407346	-2.522988	-3.5732667	-2.9614732	2.856244	2.8841896	2.8635957	2.995936	-2.9152615	1.7885652	2.0987427	-0.88075656	0.62251776	2.045611	-1.6809961	1.7321439	0.96218634	0.514756	-0.33072641	1	1	1	1	1	1	1	1	1	1
-1.1016268	0.013359154	-1.070543	2.053614	2.1589599	-1.5515369	1.3263485	0.6537831	1.953006	1.9126254	-3.7805393	-2.4570844	-2.5393586	-3.5896454	-2.9778585	2.8487895	2.8773596	2.8562932	2.9943419	-2.9316473	1.788505	2.0987506	-0.8808914	0.6224641	2.0456924	-1.6810871	1.7322211	0.9622685	0.51474625	-0.33066726	1	1	1	1	1	1	1	1	1	1
-1.1015749	0.013337752	-1.0705459	2.0535662	2.1589303	-1.5516739	1.3264472	0.6539284	1.9529784	1.9126185	-3.7969117	-2.4734356	-2.5557249	-3.6060205	-2.9942415	2.841184	2.8703706	2.8488398	2.9924974	-2.9480317	1.7884383	2.0987606	-0.8810263	0.62240994	2.0457711	-1.6811788	1.7322916	0.9623473	0.51473504	-0.33060375	1	1	1	1	1	1	1	1	1	1
-1.1015244	0.013312054	-1.0705507	2.0535145	2.1589005	-1.5518169	1.3265479	0.65407234	1.9529469	1.9126107	-3.81329	-2.4897897	-2.5720866	-3.6223943	-3.0106218	2.8334284	2.863226	2.8412354	2.9904072	-2.9644136	1.7883643	2.098772	-0.88116294	0.62235916	2.0458467	-1.6812706	1.7323545	0.962424	0.5147225	-0.3305386	1	1	1	1	1	1	1	1	1	1
-1.1014748	0.013282884	-1.0705595	2.0534587	2.15887	-1.5519667	1.3266507	0.65421414	1.9529116	1.9125996	-3.8296738	-2.5061452	-2.5884478	-3.638771	-3.0270011	2.8255239	2.8559287	2.8334808	2.9880755	-2.980795	1.7882826	2.098784	-0.8813026	0.6223148	2.0459192	-1.6813619	1.7324096	0.9624997	0.5147088	-0.33047417	1	1	1	1	1	1	1	1	1	1
-1.1014258	0.013252756	-1.0705739	2.0534	2.1588376	-1.5521232	1.326756	0.65435314	1.9528725	1.9125843	-3.8460612	-2.5225008	-2.604812	-3.6551528	-3.0433822	2.8174722	2.848482	2.825578	2.9855063	-2.997181	1.7881945	2.098795	-0.881446	0.6222785	2.0459874	-1.6814523	1.7324564	0.9625759	0.514694	-0.33041075	1	1	1	1	1	1	1	1	1	1
-1.1013776	0.013225052	-1.0705942	2.0533402	2.158801	-1.5522866	1.3268638	0.65448886	1.9528296	1.912566	-3.8624513	-2.5388546	-2.6211808	-3.671539	-3.0597663	2.8092759	2.840888	2.81753	2.982704	-3.013573	1.7881029	2.0988035	-0.88159287	0.6222504	2.0460498	-1.6815412	1.7324951	0.96265405	0.5146781	-0.33034799	1	1	1	1	1	1	1	1	1	1
-1.1013315	0.013201867	-1.0706192	2.0532808	2.1587594	-1.5524565	1.326974	0.65462106	1.9527826	1.9125469	-3.878843	-2.5552096	-2.6375537	-3.687925	-3.076153	2.800938	2.8331492	2.809341	2.9796727	-3.0299675	1.7880107	2.0988078	-0.88174194	0.6222295	2.0461054	-1.681628	1.7325257	0.9627353	0.51466143	-0.3302857	1	1	1	1	1	1	1	1	1	1
-1.1012886	0.01318425	-1.0706468	2.0532236	2.158712	-1.5526322	1.3270864	0.65474975	1.9527317	1.9125293	-3.8952363	-2.571569	-2.6539297	-3.7043042	-3.0925412	2.7924616	2.8252676	2.8010166	2.9764168	-3.0463598	1.7879192	2.0988069	-0.8818919	0.6222144	2.046154	-1.6817123	1.7325486	0.9628205	0.514644	-0.33022445	1	1	1	1	1	1	1	1	1	1
-1.1012496	0.013172337	-1.0706714	2.0531704	2.1586595	-1.5528127	1.3272003	0.654875	1.9526767	1.9125142	-3.9116285	-2.587934	-2.670307	-3.7206755	-3.1089287	2.783851	2.8172452	2.792562	2.9729404	-3.0627458	1.787827	2.0988002	-0.8820423	0.62220305	2.0461962	-1.6817935	1.7325642	0.96290976	0.5146261	-0.33016592	1	1	1	1	1	1	1	1	1	1
-1.1012149	0.013165306	-1.0706869	2.0531235	2.158603	-1.5529964	1.3273149	0.6549968	1.9526174	1.912501	-3.9280186	-2.604304	-2.6866825	-3.7370443	-3.125314	2.7751102	2.8090844	2.7839816	2.9692473	-3.079124	1.7877332	2.0987887	-0.88219273	0.6221939	2.046234	-1.6818712	1.7325733	0.963003	0.5146077	-0.33011132	1	1	1	1	1	1	1	1	1	1
-1.1011852	0.013161428	-1.0706904	2.0530841	2.158543	-1.5531816	1.3274294	0.65511537	1.952554	1.9124889	-3.9444041	-2.6206763	-2.7030563	-3.7534182	-3.1416965	2.7662437	2.8007889	2.775279	2.9653418	-3.0954964	1.7876382	2.0987737	-0.88234293	0.6221859	2.0462692	-1.6819451	1.7325766	0.9630995	0.51458913	-0.33006144	1	1	1	1	1	1	1	1	1	1
-1.1011621	0.013158608	-1.0706836	2.0530536	2.1584802	-1.5533664	1.3275433	0.6552308	1.9524865	1.9124774	-3.9607832	-2.6370468	-2.7194297	-3.7698011	-3.158075	2.7572548	2.7923627	2.766457	2.9612272	-3.111866	1.7875441	2.098756	-0.88249224	0.62217844	2.0463026	-1.6820147	1.7325752	0.96319836	0.51457053	-0.3300164	1	1	1	1	1	1	1	1	1	1
-1.1011459	0.0131546315	-1.070671	2.053032	2.1584141	-1.5535486	1.3276557	0.65534335	1.9524153	1.9124649	-3.9771564	-2.6534133	-2.735804	-3.7861931	-3.1744492	2.7481458	2.7838092	2.7575173	2.956907	-3.128234	1.7874526	2.098736	-0.88263977	0.62217087	2.0463333	-1.6820797	1.7325698	0.9632987	0.5145522	-0.32997522	1	1	1	1	1	1	1	1	1	1
-1.1011353	0.013147738	-1.0706573	2.053018	2.1583457	-1.5537261	1.3277661	0.6554532	1.952341	1.9124489	-3.993525	-2.6697762	-2.752181	-3.8025901	-3.1908183	2.7389178	2.7751307	2.74846	2.952385	-3.1446002	1.7873636	2.0987148	-0.8827837	0.6221626	2.0463603	-1.6821395	1.732561	0.9633993	0.51453435	-0.32993564	1	1	1	1	1	1	1	1	1	1
-1.1011276	0.0131369755	-1.0706451	2.0530097	2.1582763	-1.5538971	1.3278744	0.6555607	1.952264	1.9124273	-4.009892	-2.6861365	-2.7685611	-3.8189855	-3.2071826	2.7295709	2.7663288	2.7392843	2.947664	-3.1609635	1.7872765	2.0986943	-0.88292164	0.6221537	2.0463824	-1.682194	1.732549	0.96349883	0.51451725	-0.32989585	1	1	1	1	1	1	1	1	1	1
0.43834215	0.013122073	-1.0706351	2.053004	2.1582077	-1.5540607	1.3279808	0.655666	1.9521849	1.9123987	3	-2.7024963	-2.7849414	-3.835373	-3.2235446	2.7201047	2.7574036	2.7299886	2.9427476	-3.1773255	-0.92814136	2.0986762	-0.88305306	0.62214524	2.0463998	-1.6822426	1.7325333	0.9635959	0.51450104	-0.32985547	0	1	1	1	1	1	1	1	1	1
0.43834475	0.013103353	-1.0706266	2.0529976	2.1581411	-1.554216	1.3280857	0.6557692	1.9521048	1.9123628	2.99973	-2.7188585	-2.8013186	-3.8517513	-3.2399082	2.7105193	2.7483547	2.7205713	2.9376392	-3.1936886	-0.9281374	2.0986617	-0.8831789	0.62213844	2.0464125	-1.6822851	1.7325137	0.9636892	0.51448596	-0.32981446	1	1	1	1	1	1	1	1	1	1
0.43834984	0.013081888	-1.0706189	2.0529876	2.1580763	-1.5543629	1.3281896	0.6558701	1.9520246	1.9123207	2.9991949	-2.735226	-2.8176918	-3.8681247	-3.2562761	2.7008162	2.7391813	2.7110317	2.9323425	-3.2100549	-0.9281296	2.0986514	-0.8833002	0.6221343	2.046421	-1.6823208	1.732489	0.9637774	0.51447207	-0.32977307	1	1	1	1	1	1	1	1	1	1
0.4383574	0.013058406	-1.0706118	2.0529728	2.1580098	-1.5545014	1.3282933	0.655968	1.951945	1.9122747	2.9983988	-2.7515998	-2.8340611	-3.8844967	-3.27265	2.690998	2.7298822	2.7013702	2.9268613	-3.2264256	-0.92811805	2.0986464	-0.88341737	0.6221335	2.0464275	-1.6823497	1.7324584	0.9638597	0.5144594	-0.3297317	1	1	1	1	1	1	1	1	1	1
0.4383674	0.01303402	-1.0706056	2.0529523	2.1579368	-1.5546322	1.3283974	0.6560623	1.9518666	1.9122263	2.9973462	-2.7679765	-2.8504303	-3.9008684	-3.289028	2.6810677	2.7204573	2.69159	2.9211993	-3.2428012	-0.9281028	2.0986476	-0.88352984	0.62213564	2.0464349	-1.6823717	1.732421	0.9639355	0.51444775	-0.32968992	1	1	1	1	1	1	1	1	1	1
0.4383798	0.01301028	-1.0706009	2.0529249	2.1578548	-1.554756	1.3285024	0.6561523	1.9517905	1.9121763	2.9960413	-2.7843516	-2.8668041	-3.9172401	-3.3054066	2.6710289	2.710907	2.681696	2.9153607	-3.259179	-0.9280839	2.0986557	-0.88363516	0.62213856	2.0464458	-1.6823874	1.7323767	0.96400476	0.5144369	-0.3296463	1	1	1	1	1	1	1	1	1	1
0.43839458	0.012989358	-1.0705982	2.0528908	2.1577647	-1.5548742	1.3286086	0.6562374	1.9517169	1.9121248	2.9944885	-2.8007243	-2.8831828	-3.9336133	-3.321786	2.660885	2.7012334	2.6716936	2.909349	-3.2755566	-0.92806154	2.0986714	-0.8837322	0.62214017	2.046462	-1.6823975	1.7323253	0.9640675	0.51442647	-0.32959962	1	1	1	1	1	1	1	1	1	1
0.4384117	0.012973731	-1.0705985	2.0528517	2.1576695	-1.5549883	1.3287164	0.6563173	1.9516463	1.9120723	2.992692	-2.8170981	-2.8995624	-3.94999	-3.3381686	2.6506402	2.69144	2.6615882	2.9031682	-3.291932	-0.9280358	2.0986958	-0.88382334	0.6221391	2.0464852	-1.6824036	1.7322674	0.9641236	0.5144159	-0.32954913	1	1	1	1	1	1	1	1	1	1
0.43843123	0.01296429	-1.0706015	2.052809	2.1575732	-1.5550992	1.3288257	0.65639174	1.951579	1.9120202	2.990656	-2.8334754	-2.9159384	-3.9663725	-3.3545554	2.6402986	2.681532	2.6513822	2.8968217	-3.3083057	-0.9280069	2.098729	-0.8839132	0.62213403	2.0465162	-1.6824073	1.7322036	0.96417224	0.5144047	-0.3294942	1	1	1	1	1	1	1	1	1	1
0.43845314	0.01296009	-1.0706062	2.0527627	2.1574783	-1.5552074	1.3289366	0.6564607	1.9515147	1.9119695	2.9883842	-2.8498547	-2.93231	-3.9827604	-3.3709447	2.6298645	2.6715143	2.641077	2.890313	-3.324679	-0.927975	2.098771	-0.8840057	0.6221247	2.0465539	-1.6824096	1.7321354	0.964213	0.5143922	-0.32943493	1	1	1	1	1	1	1	1	1	1
0.43847746	0.012958286	-1.0706115	2.0527127	2.157385	-1.5553122	1.3290492	0.65652454	1.9514533	1.9119205	2.985881	-2.8662326	-2.9486787	-3.9991515	-3.3873343	2.6193395	2.661393	2.6306734	2.8836446	-3.3410547	-0.92794055	2.0988207	-0.8841038	0.6221115	2.0465958	-1.6824118	1.7320641	0.9642459	0.5143778	-0.3293717	1	1	1	1	1	1	1	1	1	1
0.43850422	0.01295473	-1.0706164	2.0526583	2.1572924	-1.555413	1.3291641	0.65658396	1.9513943	1.911874	2.9831502	-2.8826058	-2.9650478	-4.015541	-3.4037209	2.6087227	2.6511722	2.6201715	2.8768194	-3.3574357	-0.9279039	2.098876	-0.88420826	0.6220951	2.0466394	-1.6824143	1.7319912	0.9642714	0.5143609	-0.32930586	1	1	1	1	1	1	1	1	1	1
0.43853346	0.0129464865	-1.0706214	1.2121866	2.1571994	-1.5555093	1.329282	0.6566401	1.951337	1.9118313	2.9801955	-2.8989756	-2.9814236	3	-3.4201028	2.5980115	2.6408546	2.609571	2.8698392	-3.3738222	-0.92786545	2.098936	-0.8843174	1.7099475	2.0466833	-1.6824175	1.7319175	0.9642903	0.5143411	-0.32923916	1	1	1	0	1	1	1	1	1	1
0.4385652	0.012932311	-1.0706267	1.212197	2.1571057	-1.5556009	1.3294038	0.6566942	1.9512804	1.9117931	2.9770205	-2.9153457	-2.9978092	2.9997263	-3.4364808	2.5872035	2.6304402	2.5988717	2.8627057	-3.3902102	-0.9278258	2.0989993	-0.88442826	1.7099478	2.046727	-1.6824214	1.7318437	0.964304	0.5143179	-0.32917187	1	1	1	1	1	1	1	1	1	1
0.43859947	0.01291392	-1.0706323	1.2122176	2.1570122	-1.5556883	1.3295301	0.6567458	1.9512234	1.9117601	2.973629	-2.9317203	-3.0142012	2.9991834	-3.4528532	2.5762982	2.6199276	2.5880723	2.8554204	-3.4065964	-0.92778563	2.099063	-0.8845386	1.7099487	2.0467682	-1.682426	1.7317697	0.96431404	0.51429087	-0.32910353	1	1	1	1	1	1	1	1	1	1
0.43863627	0.012895714	-1.0706381	1.2122483	2.156921	-1.5557725	1.329662	0.6567931	1.9511652	1.9117314	2.970024	-2.9481	-3.030595	2.9983757	-3.4692209	2.565296	2.6093152	2.5771728	2.8479838	-3.4229822	-0.92774564	2.099125	-0.8846489	1.7099499	2.0468059	-1.6824305	1.731695	0.96432227	0.51425946	-0.32903358	1	1	1	1	1	1	1	1	1	1
0.4386756	0.012882585	-1.0706441	1.212289	2.1568336	-1.5558554	1.3298	0.65683377	1.9511052	1.911706	2.966209	-2.9644806	-3.046987	2.9973075	-3.4855871	2.554198	2.5986032	2.5661747	2.8403962	-3.4393706	-0.92770666	2.0991843	-0.8847604	1.7099514	2.0468395	-1.6824347	1.731619	0.9643301	0.51422346	-0.328962	1	1	1	1	1	1	1	1	1	1
0.43871745	0.012877875	-1.0706513	1.2123396	2.1567507	-1.5559384	1.3299444	0.6568656	1.9510435	1.9116838	2.9621868	-2.9808567	-3.0633748	2.9959836	-3.5019572	2.5430076	2.5877938	2.5550828	2.832657	-3.4557624	-0.9276695	2.099241	-0.8848735	1.7099531	2.04687	-1.6824381	1.731541	0.9643385	0.5141828	-0.32888955	1	1	1	1	1	1	1	1	1	1
0.4387618	0.012882474	-1.0706593	1.2124002	2.1566715	-1.5560229	1.3300943	0.65688735	1.9509802	1.9116665	2.9579604	-2.9972272	-3.0797584	2.9944081	-3.5183353	2.53173	2.5768893	2.543902	2.8247674	-3.4721544	-0.9276352	2.0992956	-0.8849882	1.7099547	2.0469003	-1.682441	1.7314605	0.9643479	0.51413745	-0.32881668	1	1	1	1	1	1	1	1	1	1
0.43880856	0.012895743	-1.0706654	1.2124707	2.1565948	-1.5561094	1.3302481	0.6568992	1.9509163	1.9116559	2.9535325	-3.0135937	-3.0961413	2.9925854	-3.534722	2.5203705	2.5658927	2.532636	2.8167286	-3.4885435	-0.9276047	2.0993485	-0.8851044	1.7099562	2.0469337	-1.6824439	1.7313766	0.9643584	0.51408744	-0.32874465	1	1	1	1	1	1	1	1	1	1
0.43885764	0.012915694	-1.0706692	1.212551	2.1565192	-1.5561978	1.3304036	0.65690297	1.950853	1.9116524	2.9489057	-3.0299597	-3.1125283	2.9905198	-3.5511136	2.5089333	2.5548072	2.5212874	2.8085442	-3.5049284	-0.9275789	2.0994005	-0.8852225	1.709957	2.0469725	-1.6824483	1.7312893	0.9643699	0.5140329	-0.3286759	1	1	1	1	1	1	1	1	1	1
0.43890893	0.0129397875	-1.0706722	1.2126412	2.1564429	-1.5562865	1.3305585	0.6569013	1.9507921	1.9116554	2.9440827	-3.0463269	-3.1289198	2.9882157	-3.5675073	2.49742	2.5436354	2.5098596	2.800219	-3.5213094	-0.9275589	2.099453	-0.8853427	1.709957	2.0470176	-1.6824564	1.7311985	0.964382	0.51397395	-0.32861272	1	1	1	1	1	1	1	1	1	1
0.43896225	0.012965534	-1.0706755	1.2127413	2.156365	-1.5563741	1.3307112	0.65689695	1.9507351	1.9116625	2.9390662	-3.0626945	-3.1453116	2.9856772	-3.5839024	2.48583	2.532378	2.4983542	2.7917588	-3.5376909	-0.9275454	2.0995073	-0.88546515	1.7099557	2.047068	-1.6824706	1.7311049	0.9643934	0.51391065	-0.3285555	1	1	1	1	1	1	1	1	1	1
0.43901742	0.012991053	-1.0706793	1.2128509	2.1562858	-1.5564605	1.3308603	0.6568922	1.9506832	1.9116699	2.9338584	-3.079061	-3.1616988	2.982909	-3.600299	2.4741614	2.5210352	2.4867723	2.7831688	-3.5540774	-0.92753917	2.0995634	-0.88558924	1.7099528	2.0471222	-1.682493	1.7310089	0.96440274	0.51384276	-0.32850182	1	1	1	1	1	1	1	1	1	1
0.43907413	0.013015388	-1.0706828	1.2129699	2.1562066	-1.5565464	1.3310051	0.6568881	1.9506371	1.9116743	2.9284623	-3.0954251	-3.1780798	2.979915	-3.6166966	2.4624138	2.509607	2.4751132	2.774453	-3.5704684	-0.9275405	2.0996194	-0.885714	1.709948	2.0471797	-1.682525	1.7309113	0.9644089	0.51376987	-0.32844776	1	1	1	1	1	1	1	1	1	1
0.43913206	0.013037835	-1.0706847	1.213098	2.156129	-1.556633	1.3311456	0.6568848	1.9505968	1.9116746	2.9228804	-3.1117892	-3.1944556	2.9766994	-3.6330924	2.450589	2.498094	2.4633744	2.7656152	-3.5868578	-0.9275494	2.099674	-0.8858393	1.7099408	2.047241	-1.6825672	1.7308125	0.9644108	0.5136914	-0.32839078	1	1	1	1	1	1	1	1	1	1
0.43919078	0.0130576	-1.0706836	1.2132348	2.1560538	-1.556721	1.331282	0.6568818	1.950562	1.9116719	2.9171162	-3.1281567	-3.2108293	2.9732664	-3.649484	2.43869	2.486498	2.4515543	2.7566588	-3.6032395	-0.92756563	2.0997267	-0.8859669	1.7099311	2.047306	-1.6826184	1.7307134	0.9644074	0.5136069	-0.32833055	1	1	1	1	1	1	1	1	1	1
0.43924972	0.013074368	-1.0706792	1.2133797	2.1559827	-1.556811	1.3314137	0.65687895	1.9505318	1.9116678	2.911173	-3.1445293	-3.2272022	2.96962	-3.6658707	2.4267197	2.4748223	2.4396539	2.7475858	-3.6196117	-0.92758834	2.0997772	-0.8860989	1.7099187	2.047374	-1.6826757	1.730614	0.9643978	0.51351595	-0.32826796	1	1	1	1	1	1	1	1	1	1
0.43930823	0.013088033	-1.0706732	1.2135322	2.1559165	-1.5569034	1.3315399	0.65687686	1.9505055	1.9116645	2.9050555	-3.1609066	-3.2435737	2.965764	-3.6822548	2.41468	2.463069	2.4276752	2.7383974	-3.635977	-0.9276163	2.0998254	-0.886236	1.7099034	2.047444	-1.6827353	1.7305144	0.96438193	0.5134186	-0.32820454	1	1	1	1	1	1	1	1	1	1
0.43936566	0.01309808	-1.0706679	1.2136914	2.1558547	-1.556998	1.3316598	0.6568771	1.9504819	1.9116638	2.8987677	-3.1772861	-3.2599435	2.9617019	-3.6986403	2.4025714	2.4512396	2.4156208	2.7290938	-3.6523414	-0.92764795	2.0998707	-0.8863768	1.7098851	2.0475156	-1.6827943	1.7304143	0.9643603	0.5133154	-0.328142	1	1	1	1	1	1	1	1	1	1
0.43942145	0.013103322	-1.0706654	1.2138565	2.1557944	-1.5570953	1.3317742	0.65688074	1.9504602	1.911666	2.8923142	-3.1936674	-3.276314	2.9574368	-3.7150304	2.3903916	2.439334	2.4034941	2.719675	-3.668711	-0.9276814	2.0999115	-0.88651824	1.7098641	2.0475872	-1.6828511	1.7303132	0.9643333	0.5132071	-0.3280814	1	1	1	1	1	1	1	1	1	1
0.43947527	0.01310289	-1.0706674	1.2140265	2.1557326	-1.5571957	1.3318846	0.6568878	1.9504397	1.9116699	2.885699	-3.2100499	-3.292687	2.9529722	-3.7314236	2.3781388	2.4273517	2.3912988	2.7101412	-3.6850893	-0.9277148	2.0999463	-0.8866569	1.7098405	2.0476573	-1.6829041	1.7302107	0.9643008	0.51309514	-0.32802305	1	1	1	1	1	1	1	1	1	1
0.439527	0.01309731	-1.0706747	1.2142003	2.155668	-1.5572993	1.3319927	0.65689754	1.9504204	1.9116734	2.878926	-3.2264335	-3.3090603	2.9483109	-3.7478173	2.365812	2.415293	2.3790367	2.7004921	-3.7014766	-0.9277466	2.0999758	-0.8867907	1.7098144	2.0477247	-1.682952	1.7301066	0.9642629	0.5129814	-0.32796705	1	1	1	1	1	1	1	1	1	1
0.43957686	0.013088448	-1.0706865	1.2143767	2.1556003	-1.5574061	1.3321005	0.6569084	1.9504029	1.9116757	2.8719978	-3.2428164	-3.3254325	2.943456	-3.7642086	2.353412	2.4031582	2.3667066	2.6907277	-3.7178693	-0.9277758	2.1000023	-0.8869213	1.709786	2.0477889	-1.6829939	1.7300013	0.96422	0.51286787	-0.3279139	1	1	1	1	1	1	1	1	1	1
0.43962526	0.013078444	-1.0707006	1.2145545	2.1555295	-1.5575153	1.3322095	0.65691894	1.9503883	1.9116765	2.8649168	-3.2591977	-3.3418021	2.9384103	-3.7805948	2.3409402	2.3909492	2.354306	2.6808481	-3.7342665	-0.927802	2.100029	-0.8870526	1.7097557	2.047849	-1.6830295	1.7298954	0.964173	0.5127564	-0.32786483	1	1	1	1	1	1	1	1	1	1
0.43967298	0.01306771	-1.0707166	1.2147326	2.1554558	-1.5576252	1.3323207	0.65692854	1.9503783	1.9116755	2.8576853	-3.27558	-3.3581698	2.9331768	-3.7969751	2.3284023	2.3786693	2.3418329	2.6708548	-3.750666	-0.92782545	2.1000586	-0.88718736	1.7097236	2.047905	-1.6830596	1.7297896	0.96412295	0.51264876	-0.32781944	1	1	1	1	1	1	1	1	1	1
0.43972096	0.01305541	-1.0707335	1.2149097	2.1553779	-1.557734	1.3324348	0.6569369	1.9503747	1.9116721	2.8503056	-3.2919664	-3.3745377	2.9277582	-3.81335	2.3158038	2.3663225	2.3292875	2.6607497	-3.7670653	-0.9278462	2.100093	-0.8873268	1.7096903	2.0479589	-1.6830852	1.7296851	0.96407133	0.5125461	-0.32777447	1	1	1	1	1	1	1	1	1	1
0.43977022	0.013040971	-1.0707506	1.2150844	2.1552944	-1.5578407	1.3325516	0.65694356	1.9503789	1.9116672	2.8427792	-3.3083582	-3.390908	2.922158	-3.829722	2.3031487	2.3539145	2.3166716	2.650535	-3.7834628	-0.9278644	2.1001325	-0.8874708	1.7096565	2.0480123	-1.6831073	1.7295831	0.9640204	0.512449	-0.32772747	1	1	1	1	1	1	1	1	1	1
0.43982184	0.013024384	-1.0707666	1.2152557	2.1552057	-1.557945	1.3326702	0.6569485	1.9503918	1.9116638	2.8351076	-3.3247535	-3.4072814	2.9163792	-3.8460946	2.2904375	2.341449	2.3039887	2.6402123	-3.7998574	-0.9278803	2.1001775	-0.8876185	1.7096226	2.0480652	-1.6831259	1.7294855	0.9639721	0.5123575	-0.32767886	1	1	1	1	1	1	1	1	1	1
0.43987674	0.013006927	-1.0707804	1.2154226	2.155113	-1.5580479	1.3327893	0.6569518	1.9504135	1.9116666	2.8272915	-3.341149	-3.4236565	2.9104257	-3.862471	2.2776678	2.328927	2.291244	2.6297832	-3.8162484	-0.9278943	2.100228	-0.8877693	1.7095895	2.0481167	-1.6831406	1.729394	0.96392804	0.5122711	-0.32762983	1	1	1	1	1	1	1	1	1	1
0.43993556	0.012989792	-1.0707915	1.2155846	2.155018	-1.5581509	1.3329071	0.6569545	1.9504437	1.9116791	2.8193316	-3.357538	-3.4400322	2.9043005	-3.878854	2.2648368	2.3163457	2.278445	2.61925	-3.832636	-0.9279069	2.1002831	-0.88792276	1.709558	2.0481665	-1.6831508	1.72931	0.963889	0.5121893	-0.32758164	1	1	1	1	1	1	1	1	1	1
0.4399983	0.012973941	-1.0708004	1.2157414	2.154923	-1.5582552	1.3330222	0.6569586	1.9504815	1.9117016	2.8112285	-3.373916	-3.4564083	2.8980072	-3.8952444	2.2519426	2.303701	2.2655966	2.6086166	-3.84902	-0.9279186	2.1003397	-0.88807935	1.709529	2.0482156	-1.6831558	1.729235	0.9638551	0.51211137	-0.32753494	1	1	1	1	1	1	1	1	1	1
0.44006428	0.012959472	-1.0708086	1.2158931	2.1548297	-1.5583618	1.3331349	0.65696555	1.9505255	1.9117327	2.8029835	-3.3902857	-3.4727867	2.8915489	-3.9116406	2.2389846	2.2909904	2.2526999	2.5978868	-3.865403	-0.9279301	2.1003942	-0.8882397	1.7095035	2.0482655	-1.6831555	1.7291706	0.9638261	0.5120362	-0.3274884	1	1	1	1	1	1	1	1	1	1
0.4401328	0.012946311	-1.0708184	1.2160403	2.1547396	-1.5584708	1.3332456	0.65697634	1.9505738	1.911771	2.7945988	-3.406655	-3.489168	2.8849285	-3.928041	2.2259636	2.2782133	2.2397506	2.5870655	-3.881786	-0.92794204	2.1004436	-0.88840306	1.7094822	2.0483167	-1.6831505	1.7291178	0.9638018	0.51196295	-0.32744005	1	1	1	1	1	1	1	1	1	1
0.44020304	0.012935725	-1.0708319	1.2161835	2.1546535	-1.5585825	1.333355	0.656991	1.9506254	1.911815	2.7860777	-3.4230297	-3.5055518	2.8781486	-3.944443	2.212882	2.2653704	2.2267432	2.5761585	-3.8981688	-0.92795503	2.1004858	-0.8885679	1.7094656	2.0483685	-1.683142	1.7290766	0.96378213	0.5118918	-0.32738912	1	1	1	1	1	1	1	1	1	1
0.44027394	0.012928973	-1.0708492	1.2163237	2.1545718	-1.5586957	1.3334635	0.657009	1.9506798	1.9118636	2.7774236	-3.4394124	-3.5219367	2.871211	-3.9608436	2.1997435	2.2524638	2.2136748	2.5651708	-3.9145477	-0.9279693	2.1005197	-0.8887325	1.7094543	2.048419	-1.6831316	1.7290462	0.9637684	0.51182353	-0.32733637	1	1	1	1	1	1	1	1	1	1
0.44034415	0.012926697	-1.0708705	1.2164613	2.1544945	-1.5588075	1.3335718	0.6570296	1.9507366	1.9119157	2.76864	-3.4558024	-3.5383215	2.8641174	-3.97724	2.1865523	2.2394974	2.2005448	2.5541036	-3.930921	-0.9279845	2.1005454	-0.88889563	1.7094486	2.048467	-1.6831214	1.729025	0.9637617	0.5117593	-0.32728243	1	1	1	1	1	1	1	1	1	1
0.440412	0.01292884	-1.0708977	1.2165965	2.1544204	-1.5589154	1.3336799	0.657052	1.9507961	1.9119706	2.7597299	-3.4721954	-3.5547075	2.856869	-3.9936323	2.173312	2.226478	2.1873546	2.5429559	-3.9472911	-0.92799973	2.1005647	-0.8890566	1.7094487	2.0485113	-1.6831126	1.7290113	0.9637623	0.5117	-0.3272279	1	1	1	1	1	1	1	1	1	1
0.44047585	0.012935527	-1.0709326	1.216729	2.1543462	-1.5590174	1.3337877	0.6570747	1.9508581	1.9120269	2.750695	-3.4885845	-3.571096	2.8494673	-4.0100245	2.1600242	2.2134116	2.174107	2.5317245	-3.9636624	-0.92801416	2.1005807	-0.889215	1.7094548	2.0485535	-1.6831049	1.7290033	0.9637698	0.51164615	-0.32717377	1	1	1	1	1	1	1	1	1	1
0.44053426	0.01294736	-1.070977	1.2168587	-1.9697361	-1.5591124	1.333894	0.65709627	1.9509224	1.9120826	2.7415357	-3.5049672	-3.5874863	2.8419142	3	2.1466892	2.2002997	2.160807	2.5204072	-3.9800384	-0.92802715	2.1005957	-0.8893701	1.7094667	1.9005134	-1.6830969	1.7289987	0.96378314	0.5115975	-0.3271211	1	1	1	1	0	1	1	1	1	1
0.4405859	0.012965267	-1.0710311	1.2169852	-1.9697363	-1.5592003	1.3339972	0.65711546	1.9509885	1.9121352	2.732252	-3.5213473	-3.6038768	2.8342113	2.9997277	2.1333063	2.1871402	2.1474583	2.5090027	-3.9964185	-0.9280383	2.100611	-0.889521	1.7094842	1.9005076	-1.6830869	1.7289953	0.9638011	0.51155335	-0.32707074	1	1	1	1	1	1	1	1	1	1
0.4406295	0.0129902465	-1.0710934	1.2171082	-1.9697367	-1.5592809	1.3340956	0.6571317	1.9510567	1.9121827	2.7228441	-3.5377305	-3.6202655	2.8263612	2.9991877	2.1198733	2.1739287	2.1340635	2.4975095	-4.012798	-0.92804706	2.1006255	-0.88966846	1.7095069	1.9004959	-1.6830738	1.7289913	0.96382195	0.5115127	-0.32702285	1	1	1	1	1	1	1	1	1	1
0.4406641	0.013022801	-1.0711606	1.2172277	-1.9697373	-1.5593537	1.3341879	0.65714496	1.9511269	-1.4430497	2.7133143	-3.5541186	-3.6366515	2.8183658	2.9983845	2.1063879	2.1606617	2.1206203	2.485928	3	-0.92805314	2.1006377	-0.8898156	1.709534	1.9004784	-1.6830573	1.728985	0.963844	0.51147455	-1.9800209	1	1	1	1	1	1	1	1	1	0
0.4406893	0.013062011	-1.071228	1.2173436	-1.969738	-1.5594182	1.3342735	0.65715563	1.951199	-1.4430498	2.703665	-3.570511	-3.6530356	2.8102283	2.9973223	2.092848	2.1473372	2.1071248	2.4742613	2.9997187	-0.9280564	2.1006463	-0.8899659	1.709565	1.900455	-1.6830378	1.7289752	0.96386606	0.5114376	-1.9800267	1	1	1	1	1	1	1	1	1	1
0.44070587	0.013105647	-1.0712934	1.2174559	-1.9697388	-1.5594746	1.3343523	0.6571632	1.9512727	-1.44305	2.6938994	-3.586905	-3.669419	2.8019512	2.9960053	2.0792549	2.1339555	2.0935757	2.4625137	2.9991608	-0.9280574	2.1006503	-0.89011955	1.7095988	1.9004257	-1.6830153	1.7289612	0.9638876	0.5114005	-1.9800384	1	1	1	1	1	1	1	1	1	1
0.44071585	0.013151758	-1.0713565	1.217565	-1.9697398	-1.5595244	1.3344251	0.65716666	1.9513474	-1.4430504	2.6840205	-3.603298	-3.6858017	2.7935364	2.9944377	2.0656111	2.1205182	2.0799744	2.4506896	2.9983308	-0.9280572	2.1006503	-0.8902741	1.7096344	1.9003901	-1.6829895	1.7289431	0.963908	0.511362	-1.9800558	1	1	1	1	1	1	1	1	1	1
0.44072184	0.013199675	-1.0714201	1.2176714	-1.9697409	-1.5595695	1.334493	0.65716463	1.9514221	-1.443051	2.6740317	-3.6196878	-3.7021828	2.7849863	2.9926236	2.0519204	2.1070285	2.0663247	2.4387922	2.9972334	-0.92805743	2.1006496	-0.89042604	1.709671	1.9003481	-1.6829599	1.7289213	0.96392655	0.51132107	-1.9800788	1	1	1	1	1	1	1	1	1	1
0.44072628	0.013249118	-1.071486	1.2177763	-1.969742	-1.5596106	1.3345565	0.6571559	1.9514961	-1.443052	2.6639366	-3.636075	-3.7185607	2.776303	2.990567	2.0381854	2.0934885	2.0526323	2.4268236	2.995873	-0.9280595	2.1006525	-0.8905732	1.7097081	1.9002992	-1.6829264	1.7288952	0.96394193	0.5112774	-1.9801073	1	1	1	1	1	1	1	1	1	1
0.4407309	0.013299731	-1.0715542	1.2178807	-1.9697431	-1.5596476	1.334615	0.65713984	1.9515685	-1.4430537	2.6537375	-3.652462	-3.7349339	2.7674897	2.9882717	2.024407	2.0798998	2.0389018	2.4147837	2.9942539	-0.92806435	2.100661	-0.8907175	1.7097456	1.900243	-1.6828891	1.7288641	0.96395266	0.5112311	-1.980141	1	1	1	1	1	1	1	1	1	1
0.4407369	0.013349619	-1.0716226	1.2179859	-1.9697443	-1.5596805	1.3346685	0.6571176	1.9516385	-1.4430563	2.6434364	-3.6688485	-3.7513037	2.7585495	2.9857416	2.0105872	2.0662634	2.0251353	2.4026718	2.9923806	-0.9280724	2.100674	-0.89086205	1.7097842	1.9001793	-1.6828494	1.7288277	0.9639575	0.51118237	-1.9801799	1	1	1	1	1	1	1	1	1	1
0.44074428	0.013394517	-1.0716885	1.2180926	-1.9697456	-1.5597103	1.3347176	0.6570919	1.9517056	-1.4430602	2.6330352	-3.6852326	-3.7676733	2.7494862	2.9829803	1.996727	2.0525804	2.011331	2.3904884	2.9902575	-0.9280836	2.1006873	-0.89101	1.7098244	1.9001073	-1.6828102	1.7287865	0.96395546	0.5111311	-1.9802235	1	1	1	1	1	1	1	1	1	1
0.44075146	0.013431259	-1.0717505	1.2182013	-1.969747	-1.5597379	1.3347639	0.65706706	1.9517704	-1.4430656	2.6225367	-3.7016149	-3.7840464	2.7403038	2.9799912	1.9828247	2.038853	1.9974856	2.3782353	2.9878886	-0.9280973	2.100699	-0.89116377	1.7098678	1.9000267	-1.6827741	1.7287409	0.9639467	0.5110775	-1.9802718	1	1	1	1	1	1	1	1	1	1
0.4407565	0.013459631	-1.071809	1.2183121	-1.9697483	-1.5597646	1.3348095	0.65704596	1.9518347	-1.4430732	2.611943	-3.7179966	-3.8004258	2.731006	2.976778	1.9688777	2.0250838	1.9835963	2.365915	2.9852786	-0.9281127	2.1007092	-0.89132255	1.7099154	1.8999369	-1.6827427	1.7286922	0.9639318	0.5110221	-1.9803244	1	1	1	1	1	1	1	1	1	1
0.44075775	0.0134815965	-1.0718651	1.218425	-1.9697497	-1.5597911	1.3348562	0.6570295	1.9519008	-1.4430832	2.6012557	-3.7343807	-3.8168104	2.7215955	2.973344	1.9548838	2.011273	1.9696623	2.35353	2.9824317	-0.92812914	2.10072	-0.8914839	1.7099681	1.8998374	-1.6827163	1.7286414	0.96391195	0.5109654	-1.9803809	1	1	1	1	1	1	1	1	1	1
0.4407542	0.013500277	-1.0719196	1.2185396	-1.9697512	-1.5598179	1.3349043	0.65701705	1.9519709	-1.4430962	2.590477	-3.7507696	-3.8331974	2.7120745	2.9696927	1.940843	1.9974184	1.9556836	2.341081	2.9793522	-0.92814696	2.100734	-0.8916451	1.7100266	1.8997277	-1.6826934	1.7285894	0.9638892	0.5109076	-1.9804412	1	1	1	1	1	1	1	1	1	1
0.4407456	0.013518431	-1.0719737	1.2186551	-1.9697528	-1.5598454	1.3349544	0.65700644	1.9520466	-1.4431126	2.579609	-3.7671628	-3.8495846	2.7024434	2.9658272	1.9267571	1.9835178	1.9416622	2.328567	2.9760451	-0.9281671	2.1007528	-0.8918037	1.7100909	1.8996074	-1.6826717	1.7285372	0.963866	0.51084846	-1.9805049	1	1	1	1	1	1	1	1	1	1
0.44073224	0.013537989	-1.0720274	1.2187706	-1.9697546	-1.5598739	1.335007	0.65699446	1.9521291	-1.443133	2.5686533	-3.7835548	-3.8659706	2.6927018	2.9617507	1.9126302	1.96957	1.9276012	2.3159876	2.9725146	-0.92819023	2.1007764	-0.8919591	1.7101606	1.899476	-1.6826489	1.7284855	0.96384406	0.51078814	-1.9805717	1	1	1	1	1	1	1	1	1	1
0.4407147	0.013559488	-1.0720807	1.218885	-1.9697565	-1.5599036	1.3350626	0.656978	1.9522187	-1.4431578	2.5576127	-3.7999384	-3.8823533	2.6828477	2.9574666	1.8984671	1.9555769	1.9135023	2.3033419	2.9687655	-0.92821574	2.100804	-0.89211214	1.710236	1.8993334	-1.682623	1.7284346	0.9638235	0.5107268	-1.9806416	1	1	1	1	1	1	1	1	1	1
0.44069368	0.0135827605	-1.0721333	1.2189966	-1.9697586	-1.5599352	1.3351226	0.65695524	1.9523147	-1.4431875	2.5464885	-3.8163126	-3.8987308	2.6728792	2.952978	1.884271	1.9415426	1.8993673	2.29063	2.9648023	-0.9282423	2.1008356	-0.8922642	1.7103177	1.8991791	-1.682593	1.7283857	0.9638036	0.5106647	-1.9807143	1	1	1	1	1	1	1	1	1	1
0.4406697	0.013607814	-1.0721848	1.2191048	-1.969761	-1.5599697	1.3351883	0.65692556	1.9524161	-1.4432224	2.5352817	-3.8326833	-3.9151027	2.662796	2.948288	1.8700446	1.9274716	1.8851969	2.2778552	2.9606297	-0.9282685	2.1008706	-0.89241666	1.7104074	1.8990133	-1.6825585	1.7283409	0.9637832	0.5106026	-1.9807899	1	1	1	1	1	1	1	1	1	1
0.4406424	0.013635943	-1.0722343	1.2192087	-1.9697636	-1.5600082	1.3352596	0.6568892	1.9525211	-1.4432627	2.5239909	-3.8490577	-3.9314723	2.6526005	2.9434001	1.8557891	1.9133679	1.8709911	2.2650223	2.9562519	-0.9282925	2.1009104	-0.89257085	1.7105063	1.898836	-1.6825206	1.728301	0.963761	0.51054186	-1.9808686	1	1	1	1	1	1	1	1	1	1
0.4406117	0.0136688985	-1.0722803	1.2193086	-1.9697665	-1.5600513	1.3353343	0.65684754	1.9526279	-1.4433085	2.5126147	-3.8654397	-3.9478443	2.6422977	2.938318	1.841504	1.8992325	1.8567493	2.252135	2.9516728	-0.92831314	2.1009557	-0.8927272	1.7106154	1.8986477	-1.6824805	1.7282649	0.96373594	0.51048416	-1.9809508	1	1	1	1	1	1	1	1	1	1
0.44057786	0.013707656	-1.0723206	1.2194047	-1.9697696	-1.5600989	1.3354086	0.65680283	1.9527348	-1.4433597	2.5011518	-3.88183	-3.9642222	2.6318934	2.9330447	1.8271906	1.8850628	1.8424721	2.239193	2.9468963	-0.9283296	2.1010063	-0.89288485	1.7107348	1.8984486	-1.6824385	1.7282292	0.96370727	0.51043093	-1.981037	1	1	1	1	1	1	1	1	1	1
0.44054157	0.013752089	-1.0723518	1.2194972	-1.9697728	-1.5601496	1.3354783	0.6567575	1.9528407	-1.4434164	2.4896019	-3.8982258	-3.9806032	2.621393	2.927584	1.8128494	1.8708545	1.8281604	2.2261932	2.941926	-0.9283416	2.1010609	-0.8930419	1.7108645	1.8982395	-1.6823951	1.7281897	0.96367425	0.5103831	-1.9811275	1	1	1	1	1	1	1	1	1	1
0.44050336	0.013800814	-1.0723724	1.219586	-1.969776	-1.5602008	1.3355415	0.6567127	1.9529449	-1.443478	2.477965	-3.914626	-3.9969826	2.6107988	2.921939	1.7984782	1.8566059	1.8138143	2.2131312	2.9367657	-0.9283493	2.1011167	-0.89319587	1.7110043	1.8980213	-1.6823511	1.7281437	0.9636364	0.51034105	-1.9812226	1	1	1	1	1	1	1	1	1	1
0.44046363	0.013852443	-1.0723825	1.2196711	-1.9697793	-1.5602505	1.3355978	0.65666807	1.953047	-1.4435443	2.4662435	-3.9310284	-4.0133586	2.600112	2.9161134	1.7840735	1.8423171	1.7994334	2.2000036	2.931419	-0.928353	2.10117	-0.8933455	1.7111534	1.8977951	-1.6823074	1.7280903	0.9635933	0.5103043	-1.9813226	1	1	1	1	1	1	1	1	1	1
0.44042295	0.013906472	-1.7727735	1.2197531	-1.9697822	-1.560297	1.3356476	0.65662193	1.9531469	-1.4436146	2.4544404	-3.9474301	3	2.5893328	2.910111	1.7696311	1.8279897	1.7850164	2.18681	2.9258895	-0.92835337	2.1012192	2.9334562	1.7113109	1.8975619	-1.6822649	1.7280294	0.9635442	0.5102719	-1.9814277	1	1	0	1	1	1	1	1	1	1
0.4403818	0.0139635615	-1.7727712	1.2198334	-1.9697851	-1.560339	1.3356922	0.65657276	1.9532443	-1.4436883	2.4425602	-3.9638288	2.9997253	2.5784597	2.9039352	1.7551485	1.8136264	1.7705624	2.1735532	2.9201808	-0.9283517	2.1012635	2.9334548	1.7114751	1.8973231	-1.6822243	1.727962	0.9634887	0.51024264	-1.9815377	1	1	1	1	1	1	1	1	1	1
0.44034052	0.014025287	-1.7727667	1.2199138	-1.969788	-1.5603757	1.3357332	0.65651965	1.9533391	-1.4437646	2.4306078	-3.980221	2.9991806	2.567491	2.89759	1.7406254	1.7992332	1.7560718	2.1602392	2.9142964	-0.92834973	2.1013043	2.933452	1.7116445	1.8970802	-1.6821854	1.7278905	0.96342736	0.51021516	-1.9816525	1	1	1	1	1	1	1	1	1	1
0.44029942	0.01409271	-1.7727599	1.2199976	-1.9697913	-1.5604076	1.3357729	0.65646243	1.9534316	-1.4438426	2.4185865	-3.996605	2.99837	2.5564272	2.8910787	1.7260644	1.7848172	1.7415469	2.1468759	2.9082396	-0.92834884	2.1013434	2.9334476	1.7118168	1.8968347	-1.6821475	1.7278184	0.9633616	0.5101885	-1.981772	1	1	1	1	1	1	1	1	1	1
0.44025892	0.014165051	-1.7727509	1.2200881	-1.9697955	-1.5604358	1.335813	0.6564012	1.9535223	-1.4439219	2.406498	-4.0129824	2.997298	2.54527	2.884405	1.7114692	1.7703805	1.7269909	2.1334705	2.9020135	-0.92834955	2.1013823	2.9334419	1.7119895	1.8965884	-1.68211	1.7277485	0.9632935	0.510163	-1.9818956	1	1	1	1	1	1	1	1	1	1
0.4402198	-1.050017	-1.7727396	1.2201875	-1.969801	-1.5604614	1.3358544	0.65633696	1.9536115	-1.4440019	2.394342	3	2.9959688	2.5340219	2.877571	1.6968415	1.7559185	1.712408	2.1200259	2.895621	-0.928352	0.24930187	2.9334347	1.7121607	1.896343	-1.6820728	1.7276825	0.9632252	0.51013947	-1.9820228	1	0	1	1	1	1	1	1	1	1
0.44018298	-1.0500201	-1.7727262	1.2202971	-1.9698081	-1.5604867	1.3358967	0.65627074	1.9536989	-1.4440825	2.382117	2.999721	2.9943864	2.5226858	2.8705792	1.6821845	1.741423	1.6978	2.1065383	2.8890648	-0.92835605	0.24930426	2.933426	1.712329	1.8961	-1.682036	1.7276198	0.9631584	0.51011896	-1.9821527	1	1	1	1	1	1	1	1	1	1
0.44014904	-1.0500263	-1.7727107	1.2204163	-1.9698174	-1.560514	1.3359393	0.6562027	1.9537839	-1.4441638	2.3698213	2.9991677	2.992555	2.5112648	2.8634312	1.6675003	1.7268877	1.6831652	2.0930011	2.882347	-0.92836154	0.24930899	2.9334152	1.712494	1.895861	-1.6819996	1.7275589	0.963094	0.5101024	-1.9822845	1	1	1	1	1	1	1	1	1	1
0.4401173	-1.0500355	-1.772693	1.2205433	-1.969829	-1.5605446	1.3359814	0.6561314	1.9538655	-1.4442462	2.3574536	2.9983444	2.9904783	2.4997609	2.856128	1.6527898	1.7123103	1.6684991	2.079411	2.8754702	-0.92836803	0.249316	2.9334023	1.7126564	1.8956271	-1.6819627	1.7274978	0.9630318	0.5100894	-1.9824175	1	1	1	1	1	1	1	1	1	1
0.4400874	-1.0500475	-1.7726734	1.2206752	-1.9698429	-1.5605768	1.3360223	0.6560543	1.9539428	-1.4443305	2.345014	2.997256	2.98816	2.4881756	2.8486707	1.6380533	1.6976929	1.6537994	2.0657682	2.8684354	-0.9283755	0.24932528	2.933387	1.7128167	1.8953992	-1.6819248	1.7274349	0.96297175	0.5100786	-1.9825506	1	1	1	1	1	1	1	1	1	1
0.44005936	-1.0500624	-1.7726518	1.2208093	-1.9698591	-1.5606072	1.3360606	0.6559695	1.9540149	-1.4444177	2.332504	2.995907	2.9856038	2.47651	2.841061	1.6232898	1.6830413	1.6390662	2.0520756	2.861244	-0.9283838	0.24933678	2.9333692	1.7129754	1.8951783	-1.681885	1.7273682	0.9629132	0.5100684	-1.9826834	1	1	1	1	1	1	1	1	1	1
0.4400333	-1.0500802	-1.7726284	1.2209436	-1.9698774	-1.5606337	1.3360946	0.65587604	1.9540812	-1.4445091	2.3199253	2.9943023	2.9828134	2.4647634	2.8333018	1.608498	1.668363	1.6243035	2.0383382	2.8538973	-0.9283926	0.24935053	2.9333484	1.7131318	1.8949654	-1.6818429	1.7272964	0.96285385	0.5100572	-1.9828154	1	1	1	1	1	1	1	1	1	1
0.4400098	-1.0501007	-1.7726034	1.2210768	-1.9698973	-1.5606562	1.336123	0.655775	1.9541411	-1.4446057	2.3072789	2.992446	2.979792	2.4529352	2.8253956	1.5936792	1.653663	1.6095167	2.024562	2.846397	-0.9284009	0.24936654	2.9333243	1.7132853	1.8947616	-1.6817988	1.7272187	0.96279037	0.51004344	-1.9829463	1	1	1	1	1	1	1	1	1	1
0.4399897	-1.0501238	-1.7725769	1.2212094	-1.9699184	-1.5606756	1.3361459	0.6556694	1.9541947	-1.4447086	2.2945647	2.9903429	2.9765437	2.4410264	2.8173456	1.5788345	1.6389432	1.5947092	2.0107505	2.8387446	-0.92840827	0.24938482	2.9332964	1.7134355	1.8945677	-1.681753	1.7271367	0.9627202	0.5100261	-1.9830759	1	1	1	1	1	1	1	1	1	1
0.43997282	-1.0501496	-1.7725493	1.2213428	-1.9699402	-1.5606934	1.3361648	0.65556246	1.9542423	-1.4448186	2.281785	2.9879978	2.9730713	2.4290395	2.8091555	1.5639617	1.6242015	1.5798796	1.9969046	2.8309426	-0.9284142	0.24940537	2.9332645	1.7135822	1.8943846	-1.681705	1.7270532	0.9626432	0.5100057	-1.9832042	1	1	1	1	1	1	1	1	1	1
0.43995804	-1.0501777	-1.7725207	1.2214787	-1.9699621	-1.5607109	1.3361824	0.6554575	1.954286	-1.4449364	2.2689435	2.9854152	2.9693787	2.4169767	2.8008287	1.5490593	1.6094362	1.5650247	1.9830209	2.8229935	-0.92841834	0.24942818	2.933228	1.7137253	1.8942122	-1.6816542	1.726971	0.9625607	0.50998354	-1.9833316	1	1	1	1	1	1	1	1	1	1
0.43994325	-1.0502081	-1.7724913	1.2216171	-1.9699838	-1.5607296	1.3362013	0.6553557	1.9543265	-1.4450624	2.2560446	2.9826	2.9654691	2.4048421	2.7923687	1.5341281	1.5946466	1.5501428	1.9690953	2.8149	-0.9284202	0.24945322	2.9331868	1.7138652	1.8940501	-1.6816005	1.7268932	0.9624752	0.50996006	-1.9834579	1	1	1	1	1	1	1	1	1	1
0.43992612	-1.0502405	-1.7724617	1.2217575	-1.9700053	-1.56075	1.3362246	0.65525657	1.9543651	-1.4451967	2.2430906	2.9795568	2.9613464	2.3926394	2.7837787	1.5191716	1.5798296	1.5352349	1.9551221	2.8066654	-0.92842025	0.2494804	2.9331403	1.7140015	1.8938972	-1.6815448	1.7268218	0.96238923	0.5099359	-1.9835835	1	1	1	1	1	1	1	1	1	1
0.43990526	-1.0502746	-1.7724319	1.2218988	-1.9700267	-1.560772	1.3362541	0.6551596	1.9544035	-1.4453391	2.2300818	2.9762905	2.9570138	2.3803713	2.775062	1.504194	1.564981	1.5203036	1.9410968	2.7982934	-0.92842	0.24950962	2.933088	1.7141345	1.8937516	-1.6814907	1.7267574	0.96230465	0.50991255	-1.983708	1	1	1	1	1	1	1	1	1	1
0.43988204	-1.05031	-1.7724019	1.2220399	-1.9700482	-1.5607951	1.3362911	0.6550639	1.9544432	-1.4454889	2.2170165	2.9728057	2.9524753	2.3680394	2.766222	1.4891984	1.5500984	1.5053508	1.9270211	2.7897875	-0.92842144	0.24954069	2.93303	1.7142643	1.8936116	-1.681441	1.7266994	0.9622219	0.5098914	-1.9838316	1	1	1	1	1	1	1	1	1	1
0.43986037	-1.0503461	-1.7723718	1.2221802	-1.9700698	-1.5608188	1.3363352	0.6549684	1.9544841	-1.4456453	2.203893	2.969107	2.9477344	2.3556423	2.7572613	1.4741858	1.5351828	1.4903777	1.9129015	2.7811515	-0.92842627	0.24957338	2.9329655	1.7143905	1.8934753	-1.6813971	1.7266455	0.9621403	0.5098731	-1.9839544	1	1	1	1	1	1	1	1	1	1
0.43984428	-1.0503823	-1.7723415	1.2223201	-1.9700916	-1.5608432	1.3363854	0.65487176	1.9545242	-1.4458072	2.1907115	2.9651983	2.9427948	2.3431776	2.7481813	1.4591534	1.5202391	1.4753845	1.8987443	2.7723887	-0.92843515	0.24960738	2.932895	1.7145126	1.8933418	-1.6813585	1.7265933	0.9620583	0.50985676	-1.9840764	1	1	1	1	1	1	1	1	1	1
0.4398364	-1.0504175	-1.772311	1.22246	-1.9701145	-1.560869	1.3364414	0.6547732	1.9545612	-1.4459726	2.1774743	2.961084	2.9376605	2.3306432	2.7389832	1.444096	1.5052733	1.4603705	1.8845552	2.7635012	-0.928448	0.24964234	2.932818	1.7146298	1.8932109	-1.6813223	1.7265418	0.9619746	0.5098414	-1.9841979	1	1	1	1	1	1	1	1	1	1
0.43983838	-1.0504513	-1.7722802	1.2226007	-1.9701397	-1.5608958	1.3365034	0.6546726	1.9545937	-1.4461393	2.1641846	2.956767	2.9323359	2.31804	2.7296672	1.4290112	1.4902886	1.4453346	1.8703375	2.7544906	-0.9284645	0.24967782	2.9327345	1.7147416	1.8930832	-1.6812853	1.7264926	0.9618889	0.50982594	-1.9843187	1	1	1	1	1	1	1	1	1	1
0.4398502	-1.0504824	-1.7722491	1.2227424	-1.9701691	-1.5609226	1.3365695	0.6545706	1.9546204	-1.4463055	2.1508465	2.9522514	2.9268255	2.3053703	2.720234	1.4139018	1.4752895	1.4302748	1.8560915	2.7453587	-0.92848504	0.24971336	2.932645	1.7148485	1.8929595	-1.6812445	1.7264476	0.9618016	0.50980943	-1.9844383	1	1	1	1	1	1	1	1	1	1
0.43987027	-1.05051	-1.7722175	1.2228849	-1.9702042	-1.5609479	1.3366371	0.6544678	1.9546411	-1.4464694	2.1374633	2.9475393	2.9211345	2.2926385	2.7106838	1.3987725	1.4602764	1.4151896	1.8418138	2.7361066	-0.92851114	0.24974844	2.9325497	1.7149519	1.8928404	-1.6811985	1.7264076	0.9617136	0.50979114	-1.9845554	1	1	1	1	1	1	1	1	1	1
0.439896	-1.0505333	-1.7721853	1.2230276	-1.9702467	-1.5609701	1.3367034	0.6543655	1.9546558	-1.4466298	2.1240342	2.9426334	2.9152682	2.2798486	2.7010174	1.3836265	1.445245	1.4000775	1.8274987	2.7267363	-0.9285453	0.24978253	2.932448	1.7150537	1.8927265	-1.6811471	1.7263731	0.96162635	0.50977015	-1.9846683	1	1	1	1	1	1	1	1	1	1
0.4399243	-1.0505513	-1.7721525	1.2231696	-1.9702971	-1.5609875	1.3367668	0.6542651	1.9546645	-1.4467863	2.110556	2.9375353	2.9092324	2.2670035	2.6912353	1.3684652	1.4301898	1.3849384	1.8131431	2.7172499	-0.9285895	0.24981514	2.9323392	1.7151562	1.8926181	-1.6810911	1.7263439	0.9615414	0.5097457	-1.9847753	1	1	1	1	1	1	1	1	1	1
0.43995273	-1.0505635	-1.7721193	1.22331	-1.9703549	-1.5609994	1.3368275	0.6541683	1.9546671	-1.4469402	2.0970256	2.932247	2.9030323	2.2541053	2.6813383	1.3532876	1.4151065	1.3697742	1.7987491	2.7076502	-0.92864436	0.24984576	2.9322228	1.7152607	1.8925147	-1.6810321	1.7263207	0.9614606	0.5097172	-1.984875	1	1	1	1	1	1	1	1	1	1
0.4399807	-1.0505693	-1.7720857	1.223448	-1.9704182	-1.5610057	1.3368868	0.65407616	1.9546629	-1.447093	2.0834444	2.9267697	2.8966722	2.2411537	2.6713269	1.338091	1.3999925	1.3545873	1.7843225	2.6979403	-0.9287095	0.24987394	2.9320984	1.7153676	1.8924152	-1.680972	1.7263048	0.9613856	0.50968426	-1.9849664	1	1	1	1	1	1	1	1	1	1
0.44000798	-1.0505686	-1.7720517	1.2235829	-1.9704838	-1.5610086	1.336946	0.6539892	1.954651	-1.4472464	2.069815	2.9211054	2.8901556	2.2281466	2.6612027	1.3228714	1.3848486	1.3393784	1.7698687	2.6881223	-0.9287833	0.24989933	2.931965	1.7154769	1.8923179	-1.6809127	1.7262961	0.9613175	0.5096464	-1.9850489	1	1	1	1	1	1	1	1	1	1
0.4400346	-1.0505615	-1.7720174	1.2237141	-1.9705484	-1.5610118	1.3370062	0.65390766	1.9546306	-1.447402	2.0561407	2.9152567	2.883484	2.2150815	2.650969	1.3076272	1.3696783	1.3241489	1.7553899	2.678195	-0.9288631	0.2499219	2.9318225	1.7155885	1.8922207	-1.6808556	1.7262938	0.96125656	0.5096036	-1.985122	1	1	1	1	1	1	1	1	1	1
0.44006044	-1.0505487	-1.7719826	1.2238417	-1.9706094	-1.5610193	1.3370681	0.65383124	1.9546021	-1.4475607	2.0424235	2.9092264	2.8766582	2.201959	2.6406295	1.2923607	1.3544832	1.3089008	1.7408857	2.6681569	-0.9289459	0.2499418	2.9316707	1.7157024	1.8921221	-1.6808012	1.7262955	0.9612024	0.5095565	-1.9851853	1	1	1	1	1	1	1	1	1	1
0.44008473	-1.0505308	-1.7719471	1.2239661	-1.9706657	-1.5610336	1.3371321	0.65375876	1.9545668	-1.4477226	2.0286632	2.903018	2.8696783	2.1887817	2.6301868	1.277075	1.3392662	1.293636	1.7263535	2.6580062	-0.9290281	0.24995925	2.9315095	1.7158196	1.8920208	-1.6807493	1.7262982	0.9611538	0.5095061	-1.9852391	1	1	1	1	1	1	1	1	1	1
0.44010702	-1.0505089	-1.7719108	1.2240883	-1.9707165	-1.5610552	1.3371991	0.65368944	1.9545268	-1.4478871	2.0148597	2.8966346	2.8625433	2.175554	2.6196437	1.2617718	1.3240304	1.2783562	1.711789	2.6477437	-0.92910707	0.2499746	2.9313395	1.7159412	1.8919162	-1.6807002	1.7262999	0.96110916	0.5094537	-1.9852843	1	1	1	1	1	1	1	1	1	1
0.44012764	-1.0504843	-1.771873	1.224209	-1.9707623	-1.5610831	1.3372701	0.6536229	1.954484	-1.4480525	2.0010142	2.8900802	2.8552537	2.162279	2.6090038	1.2464517	1.3087783	1.2630627	1.697188	2.637373	-0.92918193	0.24998827	2.9311612	1.7160685	1.8918082	-1.6806539	1.7262995	0.96106714	0.5093996	-1.9853216	1	1	1	1	1	1	1	1	1	1
0.44014767	-1.0504588	-1.7718331	1.2243288	-1.9708039	-1.5611154	1.3373466	0.653558	1.954441	-1.4482173	1.9871291	2.8833587	2.8478105	2.1489573	2.5982704	1.2311163	1.2935131	1.2477539	1.6825491	2.6268983	-0.9292538	0.25000077	2.9309752	1.7162023	1.8916974	-1.6806116	1.7262977	0.9610274	0.5093434	-1.985353	1	1	1	1	1	1	1	1	1	1
0.44016826	-1.050434	-1.7717909	1.2244476	-1.9708425	-1.5611504	1.3374294	0.65349233	1.9544002	-1.4483806	1.9732064	2.8764744	2.8402157	2.1355882	2.5874462	1.2157669	1.2782378	1.2324262	1.6678747	2.6163242	-0.9293258	0.25001267	2.9307826	1.7163417	1.8915849	-1.6805729	1.7262956	0.96099037	0.5092844	-1.9853806	1	1	1	1	1	1	1	1	1	1
0.44019017	-1.0504116	-1.7717463	1.2245642	-1.9708793	-1.561188	1.3375187	0.65342265	1.9543636	-1.4485422	1.9592465	2.8694315	2.8324714	2.122169	2.5765333	1.2004033	1.262952	1.2170771	1.6531693	2.6056545	-0.9294017	0.25002456	2.9305847	1.7164854	1.8914721	-1.6805359	1.7262944	0.960957	0.509222	-1.985407	1	1	1	1	1	1	1	1	1	1
0.44021377	-1.0503931	-1.7716994	1.2246761	-1.9709157	-1.5612279	1.3376132	0.6533463	1.9543324	-1.4487019	1.9452481	2.862234	2.8245802	2.108695	2.5655332	1.185024	1.247652	1.2017058	1.6384354	2.5948925	-0.9294848	0.25003695	2.930383	1.7166326	1.8913603	-1.6804981	1.7262949	0.9609275	0.50915587	-1.9854344	1	1	1	1	1	1	1	1	1	1
0.44024047	-1.0503793	-1.7716506	1.2247815	-1.9709527	-1.5612693	1.3377098	0.65326226	1.9543059	-1.4488591	1.9312083	2.8548865	2.8165452	2.095165	2.5544457	1.169628	1.2323333	1.1863145	1.6236758	2.584041	-0.92957675	0.25005028	2.9301796	1.7167836	1.89125	-1.6804578	1.7262962	0.96090084	0.5090857	-1.9854652	1	1	1	1	1	1	1	1	1	1
0.44027284	-1.0503702	-1.7715999	1.2248796	-1.9709911	-1.5613103	1.3378052	0.65317035	1.9542824	-1.4490137	1.9171244	2.8473928	2.8083692	2.0815809	2.5432699	1.1542152	1.2169905	1.1709093	1.6088926	2.5731022	-0.9296772	0.25006485	2.9299762	1.7169366	1.8911405	-1.680414	1.7262969	0.9608764	0.5090114	-1.9855009	1	1	1	1	1	1	1	1	1	1
0.4403143	-1.0503654	-1.7715484	1.2249712	-1.971031	-1.561349	1.337897	0.6530711	1.9542599	-1.4491657	1.9029983	2.8397567	2.8000538	2.0679474	2.5320046	1.1387861	1.2016213	1.1554947	1.5940853	2.5620763	-0.9297835	0.2500811	2.9297748	1.7170885	1.8910303	-1.6803668	1.7262955	0.9608542	0.508934	-1.9855422	1	1	1	1	1	1	1	1	1	1
0.44036734	-1.0503641	-1.7714971	1.2250578	-1.9710724	-1.5613846	1.3379846	0.6529662	1.9542372	-1.449316	1.8888342	2.831982	2.7916005	2.0542686	2.5206513	1.1233423	1.1862277	1.1400685	1.5792526	2.5509639	-0.9298917	0.25009945	2.9295776	1.7172378	1.8909186	-1.680318	1.7262908	0.96083415	0.50885576	-1.985588	1	1	1	1	1	1	1	1	1	1
0.44043317	-1.0503654	-1.7714473	1.2251414	-1.9711157	-1.561418	1.3380684	0.6528581	1.9542142	-1.4494661	1.8746358	2.8240705	2.7830098	2.040547	2.509213	1.1078852	1.1708126	1.1246253	1.5643922	2.5397658	-0.9299986	0.25012037	2.9293864	1.717384	1.8908052	-1.6802698	1.7262826	0.9608152	0.5087788	-1.9856362	1	1	1	1	1	1	1	1	1	1
0.44051197	-1.0503687	-1.7713997	1.2252245	-1.9711605	-1.5614516	1.338148	0.6527481	1.9541911	-1.4496173	1.8604039	2.8160233	2.7742827	2.0267808	2.497693	1.0924162	1.1553802	1.1091624	1.5495032	2.5284839	-0.9301037	0.25014418	2.9292026	1.7175272	1.8906907	-1.6802242	1.7262703	0.9607956	0.50870436	-1.9856844	1	1	1	1	1	1	1	1	1	1
0.4406022	-1.0503733	-1.7713549	1.2253095	-1.9712064	-1.5614876	1.3382224	0.6526378	1.9541678	-1.4497701	1.8461379	2.8078408	2.7654214	2.0129678	2.486095	1.0769353	1.1399349	1.0936795	1.5345865	2.5171204	-0.9302069	0.25017104	2.9290268	1.7176682	1.8905764	-1.6801817	1.7262522	0.96077424	0.5086323	-1.9857298	1	1	1	1	1	1	1	1	1	1
0.44070107	-1.0503796	-1.7713126	1.2253977	-1.9712529	-1.5615269	1.3382914	0.65252835	1.9541446	-1.449924	1.8318368	2.7995224	2.7564282	1.9991071	2.4744208	1.0614407	1.1244788	1.078176	1.5196426	2.5056777	-0.930308	0.25020105	2.9288595	1.7178086	1.890464	-1.6801422	1.7262269	0.9607529	0.50856155	-1.9857714	1	1	1	1	1	1	1	1	1	1
0.44080603	-1.0503886	-1.7712724	1.2254899	-1.9712995	-1.5615697	1.3383564	0.6524207	1.9541216	-1.4500773	1.8174981	2.7910686	2.7473073	1.985201	2.4626713	1.0459297	1.1090118	1.0626531	1.504671	2.4941578	-0.9304078	0.25023445	2.9286997	1.7179495	1.8903551	-1.680105	1.7261947	0.9607342	0.5084904	-1.9858096	1	1	1	1	1	1	1	1	1	1
0.44091538	-1.0504018	-1.7712337	1.225586	-1.9713455	-1.5616152	1.33842	0.6523152	1.9540989	-1.4502279	1.8031199	2.7824807	2.7380629	1.9712532	2.4508455	1.0304002	1.0935315	1.0471131	1.4896731	2.482562	-0.930508	0.25027168	2.9285471	1.7180909	1.8902514	-1.6800697	1.7261577	0.9607208	0.5084166	-1.9858452	1	1	1	1	1	1	1	1	1	1
0.44102752	-1.0504211	-1.7711959	1.2256854	-1.9713906	-1.5616605	1.338485	0.6522118	1.9540776	-1.4503735	1.7887043	2.7737603	2.7286994	1.9572667	2.4389427	1.0148554	1.0780346	1.0315593	1.4746528	2.47089	-0.9306099	0.2503129	2.9284008	1.7182322	1.8901541	-1.680037	1.726118	0.96071607	0.5083389	-1.9858793	1	1	1	1	1	1	1	1	1	1
0.44114146	-1.050448	-1.7711588	1.2257863	-1.9714345	-1.5617025	1.3385524	0.6521105	1.9540595	-1.4505124	1.7742562	2.7649093	2.719221	1.9432436	2.4269636	0.99929863	1.0625211	1.0159956	1.4596143	2.4591405	-0.9307138	0.250358	2.9282596	1.7183731	1.8900636	-1.6800078	1.7260768	0.9607212	0.5082573	-1.9859132	1	1	1	1	1	1	1	1	1	1
0.4412565	-1.0504832	-1.7711222	1.2258872	-1.971477	-1.5617394	1.3386209	0.6520115	1.9540454	-1.450644	1.7597803	2.7559302	2.7096312	1.9291847	2.4149103	0.9837305	1.0469955	1.000423	1.4445599	2.4473124	-0.93081886	0.25040653	2.9281223	1.7185133	1.8899797	-1.6799823	1.7260344	0.9607354	0.5081718	-1.9859474	1	1	1	1	1	1	1	1	1	1
0.44137105	-1.0505272	-1.7710861	1.2259871	-1.9715179	-1.5617715	1.3386875	0.65191466	1.9540342	-1.4507694	1.745278	2.7468257	2.6999328	1.9150878	2.402786	0.96814793	1.0314614	0.9848406	1.4294906	2.4354048	-0.93092346	0.25045773	2.9279876	1.7186514	1.8899019	-1.6799599	1.7259903	0.96075666	0.50808144	-1.9859823	1	1	1	1	1	1	1	1	1	1
0.44148257	-1.0505793	-1.7710502	1.2260855	-1.9715567	-1.5618001	1.3387487	0.65181947	1.9540242	-1.4508922	1.7307479	2.737599	2.690128	1.9009511	2.3905926	0.95254636	1.0159168	0.96924555	1.4144045	2.4234176	-0.9310256	0.2505105	2.9278545	1.7187856	1.8898301	-1.679939	1.7259437	0.96078247	0.50798595	-1.9860173	1	1	1	1	1	1	1	1	1	1
0.44158834	-1.0506378	-1.7710147	1.2261821	-1.9715927	-1.5618279	1.3388022	0.6517251	1.9540142	-1.4510174	1.7161868	2.7282534	2.6802187	1.8867747	2.378331	0.936924	1.0003563	0.95363456	1.3992991	2.4113517	-0.93112355	0.25056368	2.9277227	1.718914	1.8897642	-1.6799178	1.7258943	0.9608103	0.5078859	-1.9860513	1	1	1	1	1	1	1	1	1	1
0.4416866	-1.0507005	-1.7709801	1.2262757	-1.971625	-1.5618576	1.3388482	0.6516311	1.9540045	-1.4511498	1.7015908	2.7187924	2.6702063	1.8725605	2.3660016	0.9212824	0.98477554	0.93800545	1.3841717	2.399211	-0.9312153	0.25061625	2.9275918	1.7190349	1.8897035	-1.6798943	1.7258434	0.9608379	0.5077817	-1.9860828	1	1	1	1	1	1	1	1	1	1
0.44177753	-1.0507654	-1.7709476	1.2263649	-1.9716529	-1.5618904	1.3388876	0.65153766	1.9539969	-1.4512925	1.6869594	2.7092195	2.6600914	1.8583121	2.3536046	0.90562594	0.96917284	0.9223583	1.3690209	2.386999	-0.93130064	0.2506677	2.9274626	1.7191476	1.8896468	-1.6798677	1.7257918	0.9608638	0.5076732	-1.9861108	1	1	1	1	1	1	1	1	1	1
0.441863	-1.050831	-1.7709185	1.2264479	-1.9716763	-1.5619271	1.3389219	0.6514449	1.9539938	-1.4514458	1.6722969	2.6995358	2.649874	1.8440324	2.341139	0.88995904	0.95355034	0.90669465	1.3538479	2.3747172	-0.93138105	0.2507182	2.9273365	1.7192521	1.8895922	-1.6798382	1.7257404	0.9608878	0.5075597	-1.9861352	1	1	1	1	1	1	1	1	1	1
0.44194472	-1.0508962	-1.7708943	1.2265241	-1.9716957	-1.5619684	1.3389535	0.65135235	1.9539975	-1.4516084	1.657609	2.689743	2.639554	1.8297228	2.3286057	0.87428355	0.93791354	0.8910177	1.3386538	2.3623672	-0.9314581	0.25076836	2.9272149	1.7193494	1.8895376	-1.6798055	1.7256902	0.96090984	0.50743985	-1.9861562	1	1	1	1	1	1	1	1	1	1
0.44202226	-1.0509611	-1.7708765	1.2265935	-1.9717106	-1.5620154	1.3389843	0.6512588	1.9540089	-1.4517778	1.6428984	2.6798425	2.6291316	1.8153825	2.316006	0.8585976	0.922272	0.8753309	1.3234383	2.3499494	-0.93153214	0.25081897	2.9270992	1.7194408	1.8894808	-1.6797694	1.7256424	0.9609303	0.5073123	-1.9861745	1	1	1	1	1	1	1	1	1	1
0.44209522	-1.0510263	-1.7708665	1.2266566	-1.9717201	-1.5620697	1.3390146	0.6511631	1.9540279	-1.4519511	1.6281652	2.6698363	2.6186073	1.8010099	2.303343	0.8428989	0.9066316	0.85963774	1.3082014	2.3374653	-0.9316027	0.25087097	2.9269905	1.7195284	1.8894203	-1.6797285	1.7255969	0.9609501	0.50717705	-1.9861912	1	1	1	1	1	1	1	1	1	1
0.44216356	-1.0510927	-1.7708653	1.2267143	-1.971723	-1.5621326	1.3390434	0.6510645	1.9540533	-1.452126	1.6134068	2.659726	2.6079822	1.7866048	2.290619	0.827187	0.8909901	0.84393984	1.292944	2.3249178	-0.93166876	0.25092518	2.9268892	1.7196137	1.8893547	-1.6796819	1.7255521	0.9609708	0.50703543	-1.9862064	1	1	1	1	1	1	1	1	1	1
0.44222787	-1.0511608	-1.7708734	1.226768	-1.9717182	-1.5622038	1.3390677	0.65096426	1.9540833	-1.4523008	1.5986205	2.6495123	2.5972571	1.7721666	2.2778354	0.811462	0.8753389	0.828236	1.2776667	2.3123095	-0.9317296	0.25098193	2.9267957	1.7196971	1.8892834	-1.6796299	1.7255056	0.9609933	0.5068896	-1.9862192	1	1	1	1	1	1	1	1	1	1
0.44228902	-1.0512309	-1.7708908	1.2268184	-1.9717053	-1.5622814	1.3390857	0.6508658	1.9541161	-1.4524753	1.5838057	2.6391966	2.5864346	1.7576942	2.2649934	0.7957265	0.8596711	0.81252366	1.2623693	2.2996418	-0.931786	0.2510407	2.9267097	1.7197784	1.8892066	-1.6795751	1.7254553	0.96101665	0.506742	-1.9862278	1	1	1	1	1	1	1	1	1	1
0.44234765	-1.0513024	-1.7709166	1.2268653	-1.9716847	-1.5623639	1.3390965	0.6507735	1.9541506	-1.4526505	1.5689626	2.6287792	2.5755177	1.7431865	2.2520938	0.7799851	0.843984	0.7968019	1.2470505	2.286914	-0.9318403	0.25110054	2.9266305	1.7198571	1.8891252	-1.6795202	1.7254	0.96103984	0.506595	-1.9862301	1	1	1	1	1	1	1	1	1	1
0.44240388	-1.0513741	-1.7709502	1.2269074	-1.9716576	-1.5624512	1.3391005	0.6506914	1.9541862	-1.4528271	1.5540926	2.6182606	2.5645115	1.7286417	2.239137	0.7642394	0.82827806	0.7810715	1.2317095	2.274126	-0.93189573	0.25116047	2.9265575	1.7199327	1.8890406	-1.6794679	1.7253393	0.961062	0.50644976	-1.9862251	1	1	1	1	1	1	1	1	1	1
0.44245717	-1.051444	-1.7709912	1.226944	-1.9716262	-1.5625435	1.3390986	0.6506219	1.9542229	-1.4530048	1.5391979	2.6076415	2.5534225	1.7140608	2.2261221	0.74848706	0.81255656	0.76533216	1.216346	2.261277	-0.9319535	0.25121984	2.9264896	1.7200048	1.8889543	-1.6794195	1.7252738	0.9610826	0.5063061	-1.9862126	1	1	1	1	1	1	1	1	1	1
0.44250658	-1.0515106	-1.7710394	1.2269756	-1.9715928	-1.5626396	1.3390921	0.65056443	1.9542607	-1.4531833	1.5242778	2.5969224	2.542254	1.6994464	2.213048	0.73272485	0.7968208	0.74958366	1.2009623	2.2483666	-0.9320117	0.25127792	2.9264257	1.7200727	1.8888676	-1.6793748	1.7252042	0.9611005	0.5061636	-1.9861937	1	1	1	1	1	1	1	1	1	1
0.4425519	-1.0515724	-1.7710948	1.2270048	-1.971559	-1.5627382	1.3390822	0.6505145	1.9543003	-1.4533613	1.5093318	2.5861053	2.5310068	1.6848019	2.1999133	0.71694994	0.7810719	0.7338256	1.18556	2.235396	-0.9320681	0.2513343	2.9263656	1.7201364	1.8887814	-1.6793325	1.7251304	0.96111685	0.5060228	-1.9861708	1	1	1	1	1	1	1	1	1	1
0.44259375	-1.0516298	-1.7711563	1.2270354	-1.9715252	-1.5628378	1.3390697	0.650467	1.9543428	-1.4535375	1.4943597	2.5751915	2.5196793	1.6701307	2.1867187	0.7011603	0.76531196	0.71805626	1.1701409	2.2223651	-0.93212074	0.25138953	2.9263089	1.720196	1.888696	-1.6792899	1.7250528	0.9611338	0.5058849	-1.9861468	1	1	1	1	1	1	1	1	1	1
0.4426325	-1.0516833	-1.771223	1.2270713	-1.9714911	-1.5629369	1.3390554	0.65041894	1.9543892	-1.4537107	1.4793612	2.5641828	2.508269	1.6554362	2.1734655	0.68535656	0.7495432	0.7022754	1.1547076	2.2092745	-0.9321682	0.2514446	2.9262555	1.720254	1.8886108	-1.6792449	1.7249721	0.9611533	0.5057509	-1.9861233	1	1	1	1	1	1	1	1	1	1
0.44266668	-1.051734	-1.7712944	1.2271144	-1.9714564	-1.5630336	1.3390406	0.65036947	1.9544398	-1.4538802	1.4643356	2.5530822	2.4967747	1.6407189	2.1601567	0.66954106	0.7337689	0.68648225	1.1392622	2.1961255	-0.9322095	0.2515006	2.9262052	1.720314	1.888525	-1.6791973	1.7248895	0.96117663	0.5056215	-1.9860994	1	1	1	1	1	1	1	1	1	1
0.4426945	-1.051783	-1.7713705	1.2271641	-1.9714204	-1.5631258	1.3390272	0.6503194	1.9544945	-1.4540459	1.4492844	2.5418932	2.4851954	1.6259768	2.1467967	0.653718	0.7179905	0.6706752	1.1238054	2.182919	-0.9322446	0.2515584	2.926158	1.7203791	1.8884369	-1.6791475	1.7248073	0.9612033	0.5054968	-1.9860728	1	1	1	1	1	1	1	1	1	1
0.44271478	-1.0518312	-1.7714515	1.227218	-1.9713826	-1.5632123	1.3390168	0.65026903	1.9545534	-1.4542078	1.434211	2.530619	2.4735315	1.6112082	2.133388	0.6378898	0.7022055	0.6548561	1.1083368	2.1696556	-0.9322736	0.2516185	2.926113	1.7204491	1.8883467	-1.6790954	1.724728	0.9612307	0.5053769	-1.9860411	1	1	1	1	1	1	1	1	1	1
0.44272795	-1.0518808	-1.7715366	1.227273	-1.9713432	-1.5632924	1.339011	0.6502189	1.9546161	-1.4543663	1.4191176	2.5192611	2.4617858	1.5964115	2.1199322	0.62205595	0.68640846	0.6390296	1.0928571	2.1563363	-0.93229663	0.25168136	2.9260676	1.7205222	1.8882568	-1.6790411	1.724654	0.96125394	0.5052613	-1.9860029	1	1	1	1	1	1	1	1	1	1
0.44273588	-1.0519341	-1.7716249	1.2273272	-1.971303	-1.5633667	1.3390104	0.65016997	1.9546826	-1.454522	1.404005	2.5078216	2.449962	1.5815859	2.1064298	0.60621387	0.6705952	0.6231977	1.0773655	2.142964	-0.93231475	0.25174707	2.9260201	1.7205956	1.8881713	-1.6789854	1.7245865	0.96126986	0.50515044	-1.9859581	1	1	1	1	1	1	1	1	1	1
